Date,Open,High,Low,Close,Adj Close,Volume
2014-01-02,69.2,69.24,68.0,68.14,41.1,3371000
2014-01-03,68.19,68.4,67.71,67.92,40.97,2593100
2014-01-06,68.0,68.2,67.66,67.96,40.99,2470000
2014-01-07,68.03,68.53,68.0,68.49,41.31,2772200
2014-01-08,68.33,68.4,67.64,67.85,40.92,3881300
2014-01-09,67.89,68.01,67.45,67.87,40.94,2379900
2014-01-10,68.19,69.5,68.14,68.59,41.37,4036300
2014-01-13,68.04,68.2,67.59,67.77,40.88,3940100
2014-01-14,67.82,68.0,67.53,67.57,40.76,3290600
2014-01-15,67.46,67.67,67.05,67.13,40.49,3473700
2014-01-16,67.25,67.52,67.05,67.36,40.63,3000100
2014-01-17,67.37,67.7,67.2,67.57,40.76,3302500
2014-01-21,67.88,68.58,67.77,68.51,41.32,3029700
2014-01-22,68.5,68.97,68.44,68.65,41.41,2314400
2014-01-23,68.34,68.73,67.97,68.53,41.33,2873700
2014-01-24,68.17,69.33,68.0,68.26,41.17,4705900
2014-01-27,68.3,68.99,68.27,68.73,41.45,3862100
2014-01-28,68.75,68.95,68.47,68.82,41.51,2460900
2014-01-29,68.69,69.31,68.54,68.99,41.61,4436700
2014-01-30,69.14,69.92,69.11,69.89,42.15,3444400
2014-01-31,69.37,70.68,69.35,70.62,42.59,4776100
2014-02-03,70.68,71.75,70.09,70.46,42.5,5425300
2014-02-04,70.69,70.69,69.46,69.94,42.18,3625600
2014-02-05,69.88,69.88,69.28,69.62,41.99,2848800
2014-02-06,69.7,70.11,69.18,70.01,42.23,2774000
2014-02-07,69.68,70.11,69.35,69.99,42.21,3805000
2014-02-10,69.87,70.84,69.52,70.74,42.67,3071500
2014-02-11,70.67,71.48,70.5,71.3,43.0,2631900
2014-02-12,70.44,70.9,70.25,70.87,43.22,2509700
2014-02-13,70.75,71.54,70.63,71.43,43.56,2269900
2014-02-14,71.18,71.6,70.84,71.45,43.57,2784900
2014-02-18,71.76,72.67,71.29,71.5,43.6,4797900
2014-02-19,71.4,72.4,70.72,71.72,43.74,3274600
2014-02-20,71.76,72.12,71.43,71.74,43.75,3481800
2014-02-21,71.61,72.22,71.46,71.49,43.6,2926100
2014-02-24,71.5,72.11,71.09,71.11,43.36,2522500
2014-02-25,71.09,71.81,70.94,71.03,43.32,2615100
2014-02-26,71.12,71.33,70.72,70.88,43.22,3431200
2014-02-27,70.76,71.07,70.25,70.43,42.95,2480900
2014-02-28,70.4,71.17,70.35,70.88,43.22,2931100
2014-03-03,70.59,71.05,70.0,70.05,42.72,2508400
2014-03-04,70.54,70.58,69.88,70.12,42.76,2626700
2014-03-05,70.15,70.71,69.95,70.11,42.75,2192700
2014-03-06,70.25,70.28,69.62,70.03,42.71,3589600
2014-03-07,69.9,70.19,69.41,70.06,42.72,3668800
2014-03-10,69.88,70.07,69.39,69.62,42.46,2542800
2014-03-11,69.79,69.85,69.02,69.47,42.36,2764700
2014-03-12,69.43,70.39,69.41,70.36,42.91,3202400
2014-03-13,70.39,70.99,70.27,70.57,43.04,3912500
2014-03-14,70.49,71.13,70.34,70.7,43.11,2939200
2014-03-17,70.96,71.36,70.5,71.1,43.36,3401200
2014-03-18,71.19,71.23,69.98,70.24,42.83,4195700
2014-03-19,70.0,70.15,68.2,68.71,41.9,5175100
2014-03-20,68.61,69.26,68.1,69.17,42.18,4275400
2014-03-21,69.74,69.97,69.02,69.08,42.13,4560600
2014-03-24,68.61,69.44,68.61,69.32,42.27,3001400
2014-03-25,69.41,70.09,69.23,69.92,42.64,3099700
2014-03-26,69.95,70.25,69.44,69.5,42.38,3294200
2014-03-27,69.65,70.46,69.25,70.42,42.94,3027800
2014-03-28,70.43,70.5,69.92,70.44,42.96,3083000
2014-03-31,70.67,71.29,70.56,71.22,43.43,3099100
2014-04-01,71.39,71.39,70.49,70.67,43.1,2507200
2014-04-02,70.67,70.67,70.11,70.26,42.85,1976000
2014-04-03,70.49,70.75,70.2,70.45,42.96,1674900
2014-04-04,70.69,71.46,70.47,70.49,42.99,2831100
2014-04-07,70.59,71.67,70.47,71.14,43.38,4313700
2014-04-08,71.06,72.55,70.56,72.51,44.22,5126400
2014-04-09,72.4,72.5,71.13,71.82,43.8,4726000
2014-04-10,71.88,72.5,71.41,71.59,43.66,2982500
2014-04-11,71.53,72.28,71.36,71.84,43.81,2751000
2014-04-14,72.05,72.38,71.63,72.07,43.95,2119600
2014-04-15,72.06,72.82,71.99,72.81,44.4,3372100
2014-04-16,73.0,73.24,72.56,73.23,44.66,2591500
2014-04-17,72.91,73.53,72.31,72.57,44.25,2851800
2014-04-21,72.64,73.07,72.1,72.46,44.19,1808100
2014-04-22,72.36,72.91,71.99,72.79,44.39,2210400
2014-04-23,72.82,73.61,72.58,72.61,44.28,2491200
2014-04-24,72.6,73.34,72.15,73.06,44.55,2121100
2014-04-25,73.08,74.05,73.08,74.0,45.13,2546600
2014-04-28,74.0,74.86,73.75,74.8,45.61,3717400
2014-04-29,74.74,75.13,74.31,74.53,45.45,2617600
2014-04-30,74.59,75.06,74.46,74.49,45.43,3001700
2014-05-01,74.6,74.78,73.72,74.58,45.48,2267600
2014-05-02,74.25,74.25,72.48,72.86,44.43,4505100
2014-05-05,72.86,73.6,72.76,73.52,44.83,2776800
2014-05-06,73.26,73.56,72.86,73.07,44.56,2847200
2014-05-07,73.12,73.91,72.91,73.82,45.02,2520200
2014-05-08,73.77,73.77,72.59,72.84,44.42,3008600
2014-05-09,72.82,73.04,71.84,71.98,43.9,3813600
2014-05-12,72.21,72.34,71.56,71.76,43.76,3618000
2014-05-13,72.02,72.22,71.55,71.72,43.74,3120000
2014-05-14,71.14,71.72,70.85,71.27,43.94,2578600
2014-05-15,71.41,72.2,71.32,71.38,44.01,2668100
2014-05-16,71.32,71.62,71.06,71.35,43.99,2023300
2014-05-19,71.26,71.38,69.95,70.3,43.34,3489800
2014-05-20,70.39,70.8,69.73,70.09,43.21,2656200
2014-05-21,70.25,70.39,69.78,69.93,43.11,1885300
2014-05-22,70.01,70.64,70.01,70.55,43.5,1834700
2014-05-23,70.45,70.93,70.24,70.28,43.33,1523300
2014-05-27,71.06,71.26,70.43,70.46,43.44,2299100
2014-05-28,70.48,70.92,70.45,70.76,43.63,2230100
2014-05-29,70.9,70.98,70.37,70.93,43.73,1817700
2014-05-30,70.74,71.11,70.41,71.08,43.82,2531000
2014-06-02,70.95,71.15,70.61,70.85,43.68,1919200
2014-06-03,70.83,70.9,70.27,70.7,43.59,2420400
2014-06-04,70.6,71.04,70.41,71.01,43.78,1998200
2014-06-05,70.87,71.85,70.79,71.73,44.22,2472900
2014-06-06,71.71,71.94,71.25,71.34,43.98,2145200
2014-06-09,71.13,71.26,70.6,70.86,43.69,2299600
2014-06-10,70.7,71.04,70.42,70.51,43.47,2362500
2014-06-11,70.39,70.59,69.59,69.63,42.93,3554400
2014-06-12,69.62,70.74,68.81,70.58,43.51,4287000
2014-06-13,70.43,70.99,70.05,70.83,43.67,2599900
2014-06-16,71.11,71.82,70.81,71.12,43.85,2666000
2014-06-17,70.84,70.89,70.25,70.71,43.59,2325700
2014-06-18,70.68,72.43,70.58,72.41,44.64,3447500
2014-06-19,72.48,73.4,71.36,73.23,45.15,4881800
2014-06-20,73.27,73.32,72.22,72.32,44.59,4002400
2014-06-23,72.39,72.51,71.82,72.35,44.61,2527700
2014-06-24,72.39,72.57,72.19,72.36,44.61,2350700
2014-06-25,72.22,73.11,72.12,73.04,45.03,2983300
2014-06-26,72.9,73.21,72.75,73.17,45.11,2259000
2014-06-27,72.89,73.88,72.72,73.7,45.44,2173700
2014-06-30,73.77,74.39,73.54,74.19,45.74,2854400
2014-07-01,74.2,74.24,73.51,73.63,45.4,1998700
2014-07-02,73.5,73.55,71.88,72.22,44.53,4515700
2014-07-03,71.95,71.95,70.81,71.39,44.01,3496500
2014-07-07,71.25,71.71,71.13,71.58,44.13,3140000
2014-07-08,71.72,72.72,71.64,72.32,44.59,3182400
2014-07-09,72.18,72.52,71.7,72.11,44.46,1993500
2014-07-10,72.03,72.74,72.03,72.39,44.63,2001700
2014-07-11,72.5,72.69,72.11,72.16,44.49,1863000
2014-07-14,72.21,72.32,71.52,71.54,44.11,2358300
2014-07-15,71.62,72.4,71.62,72.03,44.41,2253700
2014-07-16,72.1,72.49,71.7,72.42,44.65,1894100
2014-07-17,72.7,72.83,72.1,72.36,44.61,3007900
2014-07-18,72.6,73.18,72.09,73.11,45.07,2604800
2014-07-21,72.92,73.61,72.83,73.36,45.23,2043300
2014-07-22,73.43,73.54,73.15,73.29,45.19,2016700
2014-07-23,73.29,73.5,73.1,73.4,45.25,1677100
2014-07-24,73.5,74.31,73.45,74.03,45.64,2240800
2014-07-25,73.85,74.18,73.1,73.21,45.14,2142900
2014-07-28,73.31,74.48,73.23,74.39,45.86,3281100
2014-07-29,74.4,74.48,73.76,73.98,45.61,2236300
2014-07-30,74.03,74.2,72.58,73.05,45.04,2782200
2014-07-31,72.61,73.1,72.06,72.13,44.47,3249000
2014-08-01,72.24,73.37,72.15,72.94,44.97,3960200
2014-08-04,72.93,72.97,70.86,72.2,44.51,4511200
2014-08-05,71.52,72.2,70.67,70.98,43.76,3111600
2014-08-06,70.87,70.9,69.48,69.84,43.06,7066800
2014-08-07,70.28,71.57,70.05,70.6,43.53,3607400
2014-08-08,70.95,71.77,70.93,71.75,44.24,2756900
2014-08-11,72.0,72.25,71.5,71.58,44.13,2116800
2014-08-12,71.64,71.92,71.26,71.38,44.01,2847600
2014-08-13,70.8,71.12,70.42,70.93,44.22,2141900
2014-08-14,70.96,72.1,70.96,72.08,44.94,3587200
2014-08-15,71.88,72.7,71.85,72.09,44.95,2981800
2014-08-18,72.3,72.65,71.92,72.09,44.95,1826000
2014-08-19,72.17,72.92,72.04,72.88,45.44,2188000
2014-08-20,72.58,72.85,72.31,72.76,45.36,2073300
2014-08-21,72.81,73.39,72.64,73.04,45.54,2020900
2014-08-22,73.48,73.85,72.6,72.87,45.43,2518100
2014-08-25,73.18,73.52,72.92,72.98,45.5,1795200
2014-08-26,72.93,73.13,72.23,72.32,45.09,2118900
2014-08-27,72.45,72.96,72.33,72.93,45.47,1890000
2014-08-28,72.63,73.44,72.57,73.31,45.71,1872700
2014-08-29,73.41,74.0,73.35,73.99,46.13,2985100
2014-09-02,74.02,74.09,73.09,73.45,45.79,4079200
2014-09-03,73.61,74.09,73.5,73.86,46.05,2121400
2014-09-04,73.67,74.24,73.47,74.02,46.15,2247900
2014-09-05,74.05,74.91,74.0,74.9,46.7,3010900
2014-09-08,74.61,74.95,74.3,74.89,46.69,3403400
2014-09-09,74.6,74.75,73.74,73.79,46.01,3669300
2014-09-10,73.65,73.76,73.16,73.39,45.76,2977000
2014-09-11,73.76,74.49,73.5,74.46,46.42,2865400
2014-09-12,74.13,74.28,72.95,73.06,45.55,3826100
2014-09-15,73.35,73.7,73.16,73.44,45.79,2300300
2014-09-16,73.94,74.59,73.85,74.35,46.36,3483900
2014-09-17,74.64,74.82,73.96,74.3,46.32,2991900
2014-09-18,74.48,74.55,73.25,73.48,45.81,3476900
2014-09-19,73.8,74.47,73.65,74.38,46.37,4045600
2014-09-22,74.0,74.33,73.48,73.87,46.06,3061600
2014-09-23,73.85,74.24,73.61,73.67,45.93,3157900
2014-09-24,73.73,73.9,73.4,73.71,45.96,2160500
2014-09-25,73.67,74.18,73.65,73.96,46.11,4234700
2014-09-26,73.89,74.26,73.31,74.08,46.19,2988200
2014-09-29,73.69,74.19,73.43,74.19,46.26,2041500
2014-09-30,74.26,75.21,74.03,74.77,46.62,4188600
2014-10-01,75.05,75.73,74.86,75.3,46.95,5296800
2014-10-02,75.22,75.77,74.89,74.99,46.75,3516100
2014-10-03,75.02,75.28,74.33,75.17,46.87,2670700
2014-10-06,75.42,75.59,74.83,75.07,46.8,1814200
2014-10-07,75.07,75.96,74.87,75.21,46.89,3057600
2014-10-08,75.37,77.11,75.21,77.05,48.04,3963000
2014-10-09,77.0,77.66,76.3,76.39,47.63,3471900
2014-10-10,76.75,77.59,76.72,76.83,47.9,3985700
2014-10-13,76.7,78.41,76.64,77.41,48.26,4942800
2014-10-14,77.91,79.81,77.38,78.87,49.17,5818900
2014-10-15,78.44,79.64,77.44,78.9,49.19,6592100
2014-10-16,78.01,78.51,77.04,78.17,48.74,5226200
2014-10-17,78.25,78.59,77.05,78.43,48.9,3517500
2014-10-20,78.57,79.64,78.56,79.5,49.57,2503200
2014-10-21,79.65,79.74,78.97,79.08,49.3,3715900
2014-10-22,79.21,80.35,79.11,80.16,49.98,3736100
2014-10-23,80.36,80.5,79.66,80.07,49.92,2946900
2014-10-24,80.14,80.55,80.05,80.3,50.06,2846500
2014-10-27,80.38,81.14,80.3,80.61,50.26,2045500
2014-10-28,80.7,80.83,79.68,80.72,50.33,3206300
2014-10-29,80.64,81.24,79.56,80.27,50.05,2701300
2014-10-30,80.6,82.34,80.37,82.29,51.31,3293600
2014-10-31,82.5,82.68,81.34,82.15,51.22,3229600
2014-11-03,82.23,82.6,81.85,82.38,51.36,2347200
2014-11-04,82.44,82.8,81.84,82.23,51.27,2402100
2014-11-05,82.47,83.9,82.0,83.5,52.06,5372500
2014-11-06,82.73,82.95,81.07,81.17,50.61,6788300
2014-11-07,81.2,82.09,81.02,82.08,51.17,3273200
2014-11-10,82.1,83.04,82.07,82.81,51.63,2582500
2014-11-11,82.62,83.1,82.36,82.66,51.54,2740400
2014-11-12,81.02,81.45,79.65,79.85,50.27,5524500
2014-11-13,80.04,80.49,78.71,78.99,49.73,4119200
2014-11-14,78.55,79.51,78.55,79.11,49.8,3204600
2014-11-17,79.17,80.48,79.09,80.3,50.55,2983100
2014-11-18,80.45,80.88,79.88,80.31,50.56,3762500
2014-11-19,80.2,80.68,79.69,80.38,50.6,2756400
2014-11-20,80.38,80.82,80.08,80.17,50.47,2114100
2014-11-21,80.7,80.73,79.24,79.77,50.22,5247700
2014-11-24,80.06,80.22,79.01,79.03,49.75,5065200
2014-11-25,79.17,79.29,78.51,79.15,49.83,4188600
2014-11-26,79.31,79.93,79.31,79.69,50.17,1990600
2014-11-28,80.0,81.59,79.94,80.9,50.93,2393300
2014-12-01,80.39,82.74,80.16,82.0,51.62,5087200
2014-12-02,81.84,82.54,81.37,82.34,51.84,3174700
2014-12-03,82.12,82.46,81.52,81.97,51.6,2207300
2014-12-04,82.01,82.48,81.77,82.35,51.84,2533800
2014-12-05,81.49,81.69,80.23,80.73,50.82,3577200
2014-12-08,80.91,82.1,80.91,81.63,51.39,3740300
2014-12-09,81.4,82.33,81.18,82.18,51.73,3871300
2014-12-10,82.17,83.17,82.04,82.25,51.78,3936100
2014-12-11,82.58,83.51,82.56,82.89,52.18,2956600
2014-12-12,82.52,83.52,82.36,82.69,52.06,3339500
2014-12-15,82.69,82.91,81.08,81.14,51.08,4389300
2014-12-16,81.26,82.03,80.21,80.62,50.75,3606600
2014-12-17,81.11,81.64,80.36,81.37,51.22,3382100
2014-12-18,81.38,83.01,81.2,83.01,52.26,4349700
2014-12-19,83.13,83.6,82.67,82.85,52.16,4738100
2014-12-22,83.07,83.74,82.84,83.61,52.63,2688100
2014-12-23,83.77,84.21,83.49,83.68,52.68,2022200
2014-12-24,83.82,85.22,83.82,84.97,53.49,2407400
2014-12-26,85.13,86.43,85.12,85.81,54.02,2984900
2014-12-29,85.75,87.29,85.7,86.83,54.66,4068700
2014-12-30,86.83,86.83,84.54,84.7,53.32,2983900
2014-12-31,84.82,85.16,83.5,83.54,52.59,2802400
2015-01-02,83.54,84.23,83.09,84.05,52.91,2266200
2015-01-05,83.6,83.91,82.61,82.84,52.15,3780400
2015-01-06,82.92,84.79,82.92,84.2,53.01,5290900
2015-01-07,84.26,84.89,83.72,84.47,53.18,2583500
2015-01-08,84.92,85.28,84.57,84.81,53.39,2165100
2015-01-09,85.0,85.39,84.22,84.93,53.47,2679100
2015-01-12,85.2,85.49,84.65,85.01,53.52,2300200
2015-01-13,85.3,86.78,85.17,85.47,53.81,3529600
2015-01-14,85.08,85.78,84.65,85.69,53.94,3383100
2015-01-15,85.89,86.95,85.36,86.76,54.62,3886000
2015-01-16,86.73,87.39,86.6,87.35,54.99,3903900
2015-01-20,87.44,87.73,86.73,87.69,55.2,3179900
2015-01-21,87.5,88.79,86.9,88.68,55.83,2834700
2015-01-22,88.83,89.29,87.94,88.63,55.8,2542200
2015-01-23,88.95,89.23,88.61,88.72,55.85,1815400
2015-01-26,88.63,88.7,87.82,88.55,55.74,1749500
2015-01-27,88.46,89.26,88.35,88.72,55.85,1907000
2015-01-28,88.96,89.97,87.66,87.85,55.3,3199800
2015-01-29,87.86,89.58,87.37,89.36,56.25,2850500
2015-01-30,88.86,89.39,87.07,87.14,54.86,3526400
2015-02-02,87.0,87.29,86.11,87.0,54.77,3610600
2015-02-03,86.9,87.12,86.31,86.78,54.63,3980100
2015-02-04,86.66,87.18,85.76,85.98,54.13,3686300
2015-02-05,86.53,86.81,85.77,86.72,54.59,2548600
2015-02-06,86.07,86.61,82.53,83.11,52.32,4356500
2015-02-09,83.15,83.61,82.21,82.7,52.06,3937400
2015-02-10,82.6,84.29,82.39,84.18,52.99,4130500
2015-02-11,83.09,83.3,81.6,81.85,52.02,3368200
2015-02-12,81.69,82.05,80.89,81.06,51.52,4835900
2015-02-13,80.97,80.97,79.21,79.84,50.74,4677500
2015-02-17,79.44,80.92,78.8,79.39,50.45,6286600
2015-02-18,79.23,81.42,79.03,80.97,51.46,4841300
2015-02-19,81.21,81.23,79.12,79.17,50.31,5473000
2015-02-20,79.14,79.61,77.79,78.71,50.02,4419200
2015-02-23,78.86,79.61,78.41,79.26,50.37,3944000
2015-02-24,79.08,80.18,78.76,79.85,50.75,3771500
2015-02-25,79.95,79.96,78.75,79.01,50.21,3250200
2015-02-26,79.27,79.36,78.5,78.56,49.93,2548600
2015-02-27,78.49,78.87,78.03,78.55,49.92,2474500
2015-03-02,78.48,78.48,76.39,77.06,48.97,5027800
2015-03-03,77.06,77.51,76.61,77.51,49.26,3688300
2015-03-04,77.12,77.3,76.57,77.08,48.99,2773200
2015-03-05,77.29,77.89,77.17,77.58,49.3,2562900
2015-03-06,76.56,76.56,74.55,74.96,47.64,6385700
2015-03-09,75.0,75.48,74.75,74.76,47.51,3301300
2015-03-10,74.2,75.45,73.98,74.7,47.47,5272100
2015-03-11,75.06,75.23,74.04,74.28,47.21,4941000
2015-03-12,74.65,75.46,74.57,75.28,47.84,3497400
2015-03-13,75.24,75.24,73.98,74.61,47.42,3090000
2015-03-16,75.19,76.33,75.15,75.71,48.12,3235700
2015-03-17,75.36,75.89,74.82,75.08,47.72,2565900
2015-03-18,75.07,76.81,74.79,76.4,48.55,5754400
2015-03-19,76.18,77.14,75.8,76.01,48.31,4431200
2015-03-20,76.11,76.75,75.86,76.67,48.73,7064800
2015-03-23,76.68,76.99,76.44,76.8,48.81,3073000
2015-03-24,76.68,77.27,75.71,76.06,48.34,2642300
2015-03-25,76.31,76.75,74.82,74.96,47.64,2984200
2015-03-26,74.85,75.18,73.63,74.35,47.25,4173700
2015-03-27,74.66,75.19,74.3,75.0,47.66,3182700
2015-03-30,75.41,76.18,75.09,75.9,48.24,3353500
2015-03-31,75.84,76.85,75.5,76.78,48.8,6030800
2015-04-01,76.94,77.39,76.16,76.83,48.83,3388400
2015-04-02,76.8,77.28,76.46,76.97,48.92,2505500
2015-04-06,77.44,78.73,77.27,78.24,49.72,5267500
2015-04-07,78.13,78.46,77.44,77.65,49.35,3690800
2015-04-08,77.5,77.62,76.7,77.3,49.13,3168200
2015-04-09,77.12,77.2,76.53,77.01,48.94,2050900
2015-04-10,77.2,78.21,77.17,77.84,49.47,2191300
2015-04-13,77.59,77.94,77.14,77.23,49.08,2265500
2015-04-14,77.38,77.96,77.17,77.59,49.31,2260200
2015-04-15,77.72,78.57,77.58,78.02,49.58,2671800
2015-04-16,77.85,77.99,76.74,77.31,49.13,2903600
2015-04-17,76.99,77.74,76.81,77.31,49.13,2924500
2015-04-20,77.64,79.15,77.51,78.61,49.96,2624900
2015-04-21,78.63,79.39,77.67,78.07,49.62,3312000
2015-04-22,78.5,78.71,77.87,78.3,49.76,2466800
2015-04-23,78.17,79.26,78.14,78.86,50.12,2429300
2015-04-24,78.82,79.88,78.75,79.41,50.47,2599700
2015-04-27,79.6,79.73,78.18,78.37,49.81,2860900
2015-04-28,78.04,78.99,77.86,78.97,50.19,2626000
2015-04-29,78.24,78.64,77.78,78.43,49.84,3873200
2015-04-30,78.42,78.42,76.96,77.57,49.3,4305700
2015-05-01,77.71,78.13,76.87,77.9,49.51,2861400
2015-05-04,77.9,78.85,77.68,77.96,49.55,2745900
2015-05-05,77.61,77.84,76.21,76.25,48.46,3820400
2015-05-06,76.18,76.69,75.74,76.41,48.56,4844900
2015-05-07,76.4,77.11,76.4,76.81,48.82,3601600
2015-05-08,77.65,78.13,76.76,77.11,49.01,3378500
2015-05-11,77.0,77.73,76.43,76.57,48.66,2892200
2015-05-12,76.15,76.58,75.55,76.3,48.49,4115000
2015-05-13,75.73,75.99,74.04,74.44,47.81,4505800
2015-05-14,74.35,75.8,74.22,75.49,48.48,5111600
2015-05-15,75.73,76.55,75.73,76.15,48.91,3333200
2015-05-18,75.94,76.27,75.64,76.03,48.83,3076900
2015-05-19,75.59,76.35,75.56,76.19,48.93,2802900
2015-05-20,76.2,76.98,76.15,76.54,49.16,3395300
2015-05-21,76.57,76.64,76.02,76.16,48.91,3192700
2015-05-22,76.0,76.27,75.72,76.05,48.84,2150700
2015-05-26,76.03,76.14,75.3,75.76,48.65,2851500
2015-05-27,76.0,76.4,75.83,76.21,48.94,2789200
2015-05-28,76.19,76.3,75.75,75.95,48.78,3167200
2015-05-29,76.16,76.26,75.58,75.73,48.64,3115900
2015-06-01,76.26,76.36,75.69,76.0,48.81,4027000
2015-06-02,75.63,75.63,74.71,75.05,48.2,5105400
2015-06-03,75.0,75.39,73.53,74.2,47.65,5565000
2015-06-04,74.0,74.69,73.96,74.21,47.66,4544700
2015-06-05,73.5,73.8,72.85,72.85,46.79,5564700
2015-06-08,72.68,72.85,72.26,72.45,46.53,4761700
2015-06-09,72.37,72.93,72.08,72.13,46.32,3618200
2015-06-10,72.58,73.0,72.01,72.05,46.27,3512300
2015-06-11,72.58,73.17,72.56,72.86,46.79,3427300
2015-06-12,72.38,73.03,72.34,72.53,46.58,3788100
2015-06-15,72.4,72.9,72.17,72.5,46.56,2928200
2015-06-16,72.62,72.71,72.14,72.57,46.61,3215200
2015-06-17,72.52,73.2,71.94,73.08,46.93,3861500
2015-06-18,73.21,74.59,73.21,74.54,47.87,4779000
2015-06-19,74.35,74.52,73.14,73.2,47.01,7284800
2015-06-22,73.46,73.55,72.91,73.07,46.93,2246200
2015-06-23,72.92,73.12,71.77,71.78,46.1,3937400
2015-06-24,72.01,72.25,70.93,70.93,45.55,4908400
2015-06-25,71.19,71.33,70.68,70.68,45.39,2899700
2015-06-26,70.59,71.37,70.47,71.0,45.6,4537300
2015-06-29,71.08,71.71,70.82,70.85,45.5,3219700
2015-06-30,70.99,71.04,70.41,70.62,45.35,3911300
2015-07-01,70.8,71.12,70.24,71.08,45.65,2372500
2015-07-02,71.68,72.64,71.43,72.53,46.58,3377400
2015-07-06,72.37,73.0,72.22,72.85,46.79,2830200
2015-07-07,73.22,75.71,73.22,75.27,48.34,6836500
2015-07-08,74.83,75.57,74.7,74.79,48.03,2918900
2015-07-09,74.95,75.23,73.69,74.07,47.57,4500100
2015-07-10,74.38,75.17,73.98,74.37,47.76,2381600
2015-07-13,74.57,74.94,73.94,74.35,47.75,2796000
2015-07-14,74.56,74.81,73.5,73.8,47.4,3372500
2015-07-15,73.7,74.15,73.36,74.02,47.54,2521500
2015-07-16,74.11,74.99,74.07,74.81,48.04,3137300
2015-07-17,74.49,74.74,73.5,73.57,47.25,3779600
2015-07-20,73.6,73.78,72.77,73.27,47.06,2897000
2015-07-21,73.2,73.2,72.02,72.42,46.51,2939800
2015-07-22,72.46,73.02,72.29,72.37,46.48,3316600
2015-07-23,72.26,72.31,71.02,71.56,45.96,3358700
2015-07-24,71.57,72.02,71.25,71.69,46.04,1817700
2015-07-27,71.76,73.31,71.75,73.0,46.88,3104000
2015-07-28,72.8,73.38,72.68,73.13,46.97,3242800
2015-07-29,72.93,73.27,72.41,73.11,46.95,2797100
2015-07-30,72.75,73.68,72.68,73.45,47.17,2479200
2015-07-31,74.2,74.93,74.03,74.22,47.67,2761200
2015-08-03,74.3,75.08,74.29,74.96,48.14,2754400
2015-08-04,74.88,74.88,73.77,73.92,47.47,2413800
2015-08-05,74.2,74.49,73.66,73.98,47.51,1979300
2015-08-06,73.98,73.98,72.65,73.84,47.42,4098000
2015-08-07,73.59,75.34,73.14,75.15,48.26,3637500
2015-08-10,75.15,75.41,74.59,74.81,48.04,3594500
2015-08-11,75.04,75.88,74.57,75.29,48.35,3431800
2015-08-12,74.4,76.05,74.22,75.56,49.06,4380600
2015-08-13,75.38,75.83,74.67,75.58,49.08,2690600
2015-08-14,75.37,76.48,75.14,76.37,49.59,2455800
2015-08-17,76.45,76.94,76.14,76.52,49.69,2401600
2015-08-18,76.39,76.49,76.0,76.24,49.51,2681100
2015-08-19,76.1,77.39,75.61,77.21,50.14,4422200
2015-08-20,76.78,77.45,76.25,76.77,49.85,3740000
2015-08-21,76.15,77.53,75.87,76.71,49.81,6031900
2015-08-24,74.66,75.19,72.03,72.44,47.04,7492800
2015-08-25,73.27,74.12,70.15,70.21,45.59,5583000
2015-08-26,71.22,71.94,70.53,71.74,46.58,6795900
2015-08-27,72.23,72.82,71.7,72.52,47.09,4762900
2015-08-28,72.6,72.6,71.16,72.39,47.01,3022400
2015-08-31,71.84,72.35,70.35,70.91,46.04,4338400
2015-09-01,70.26,70.29,68.66,69.05,44.84,3813100
2015-09-02,69.68,69.78,68.67,69.16,44.91,3501800
2015-09-03,69.54,69.74,69.03,69.28,44.99,2329300
2015-09-04,68.7,68.9,67.98,68.26,44.32,3287700
2015-09-08,68.8,69.37,68.54,69.36,45.04,2895200
2015-09-09,69.63,69.76,68.1,68.21,44.29,3278600
2015-09-10,68.2,68.5,67.49,67.74,43.99,3225600
2015-09-11,67.64,68.36,67.27,68.34,44.38,3046100
2015-09-14,68.4,68.86,68.11,68.31,44.36,2126500
2015-09-15,68.36,68.9,67.69,68.59,44.54,2996300
2015-09-16,68.92,69.42,68.63,69.18,44.92,3410400
2015-09-17,69.23,70.98,69.02,69.91,45.4,4229200
2015-09-18,69.25,70.06,69.18,69.45,45.1,5328200
2015-09-21,69.3,70.18,69.25,70.05,45.49,2510900
2015-09-22,69.58,70.04,68.94,69.15,44.9,3384900
2015-09-23,69.18,69.36,68.46,69.09,44.86,1923800
2015-09-24,68.87,70.47,68.65,70.32,45.66,3774200
2015-09-25,70.31,71.42,69.91,70.71,45.91,3302500
2015-09-28,70.59,71.26,70.34,70.45,45.75,3013900
2015-09-29,70.44,70.9,70.04,70.73,45.93,2782500
2015-09-30,70.95,72.02,70.65,71.94,46.71,3209800
2015-10-01,71.99,72.13,70.0,70.67,45.89,3411000
2015-10-02,71.32,71.99,70.54,71.96,46.73,4122600
2015-10-05,72.33,73.3,71.78,73.08,47.45,3157200
2015-10-06,72.99,73.44,72.34,73.09,47.46,4497800
2015-10-07,73.15,73.43,72.59,72.67,47.19,4093600
2015-10-08,72.4,73.22,72.14,73.0,47.4,2343400
2015-10-09,72.93,73.24,72.02,72.26,46.92,3071600
2015-10-12,72.26,73.47,72.25,72.82,47.28,2304400
2015-10-13,72.75,73.1,72.25,72.53,47.1,2391100
2015-10-14,72.56,72.94,72.25,72.34,46.97,2226500
2015-10-15,72.69,73.59,72.29,73.48,47.71,2307900
2015-10-16,73.83,74.17,73.45,73.59,47.78,2575200
2015-10-19,73.49,73.78,72.73,73.58,47.78,2183600
2015-10-20,73.49,74.08,73.31,73.7,47.86,2445200
2015-10-21,73.96,74.38,73.56,73.86,47.96,2027500
2015-10-22,74.02,75.29,73.81,75.06,48.74,2463000
2015-10-23,74.87,75.24,73.6,73.74,47.88,2055000
2015-10-26,73.94,73.94,71.59,72.25,46.91,5127700
2015-10-27,72.25,72.87,72.02,72.41,47.02,3096000
2015-10-28,72.5,72.89,70.73,71.55,46.46,2568500
2015-10-29,71.19,71.62,70.3,71.57,46.47,3941400
2015-10-30,71.63,71.89,71.27,71.47,46.41,2918900
2015-11-02,71.4,72.29,71.09,72.18,46.87,3324400
2015-11-03,71.85,72.37,71.5,72.24,46.91,2884100
2015-11-04,72.07,72.55,71.7,71.93,46.71,3143800
2015-11-05,71.8,72.18,70.69,71.45,46.4,4090100
2015-11-06,69.99,70.06,67.07,67.76,44.0,7414700
2015-11-09,67.59,68.87,67.33,67.97,44.14,5404300
2015-11-10,67.25,67.79,67.13,67.37,44.28,3068000
2015-11-11,67.53,68.44,67.4,68.23,44.85,2733100
2015-11-12,68.01,68.81,67.28,67.29,44.23,3095600
2015-11-13,67.45,67.99,66.68,66.89,43.97,3497200
2015-11-16,66.89,67.75,66.76,67.73,44.52,2782100
2015-11-17,67.54,68.01,65.65,65.83,43.27,5423400
2015-11-18,66.14,67.3,65.82,67.2,44.17,3856600
2015-11-19,67.49,68.53,67.25,68.49,45.02,3770600
2015-11-20,68.85,69.46,68.64,69.1,45.42,3734400
2015-11-23,69.05,69.25,67.79,68.01,44.7,3441400
2015-11-24,67.76,68.19,67.36,68.08,44.75,2860900
2015-11-25,67.97,68.16,67.58,67.72,44.51,1973000
2015-11-27,67.74,68.3,67.49,67.51,44.38,1482000
2015-11-30,67.61,68.23,67.55,67.76,44.54,3847700
2015-12-01,68.05,68.44,67.39,68.06,44.74,2846900
2015-12-02,67.88,67.94,66.06,66.13,43.47,4304000
2015-12-03,66.04,66.73,65.5,66.23,43.53,3960300
2015-12-04,66.49,67.1,66.3,67.04,44.07,2711300
2015-12-07,66.8,68.56,66.77,68.5,45.03,4328100
2015-12-08,68.27,68.6,67.81,68.44,44.99,3690100
2015-12-09,68.17,69.5,67.9,68.61,45.1,2703200
2015-12-10,68.45,68.46,67.31,67.43,44.32,2972700
2015-12-11,67.19,67.98,66.99,67.84,44.59,4730300
2015-12-14,67.81,68.5,67.25,68.45,44.99,3645400
2015-12-15,68.57,69.53,68.26,68.84,45.25,4233300
2015-12-16,69.29,70.29,69.11,70.03,46.03,4747800
2015-12-17,70.07,71.02,69.7,70.5,46.34,4205800
2015-12-18,70.08,70.35,68.78,69.6,45.75,6136900
2015-12-21,69.96,70.26,69.33,69.81,45.89,2122600
2015-12-22,70.35,71.15,69.66,70.95,46.64,2949000
2015-12-23,71.15,72.31,71.08,72.0,47.33,2737700
2015-12-24,72.0,72.39,71.9,72.04,47.35,1018200
2015-12-28,71.75,72.26,71.6,71.92,47.27,2351800
2015-12-29,72.28,72.75,72.17,72.37,47.57,1943600
2015-12-30,72.37,72.6,72.12,72.19,47.45,2062000
2015-12-31,72.14,72.22,70.74,71.39,46.93,2999500
2016-01-04,70.93,71.21,70.16,71.19,46.79,3565500
2016-01-05,71.18,71.85,70.18,71.7,47.13,2706800
2016-01-06,71.11,72.18,70.87,71.86,47.23,2382800
2016-01-07,71.05,71.77,70.89,71.2,46.8,2887800
2016-01-08,71.19,71.68,70.91,71.04,46.7,2198000
2016-01-11,71.25,72.05,71.2,71.83,47.21,2968900
2016-01-12,72.14,72.26,70.6,71.27,46.85,2976200
2016-01-13,71.36,72.35,71.29,71.7,47.13,2622700
2016-01-14,71.73,72.83,71.16,72.37,47.57,3645200
2016-01-15,71.48,72.3,71.02,72.08,47.38,4819000
2016-01-19,72.47,73.36,72.09,73.16,48.09,3179800
2016-01-20,72.57,72.99,70.65,71.42,46.95,3593300
2016-01-21,71.7,72.14,70.35,71.09,46.73,4501400
2016-01-22,71.58,72.24,70.95,72.18,47.45,3161400
2016-01-25,72.19,72.29,71.52,71.8,47.2,2398600
2016-01-26,72.0,73.2,71.74,72.22,47.47,2601300
2016-01-27,72.0,72.89,71.66,72.41,47.6,2087000
2016-01-28,72.17,73.96,71.83,73.47,48.29,2294000
2016-01-29,73.99,75.41,73.93,75.3,49.5,4822400
2016-02-01,75.18,77.68,75.02,77.0,50.61,6727100
2016-02-02,76.09,76.94,76.03,76.75,50.45,4667000
2016-02-03,76.84,78.72,76.76,78.56,51.64,4913300
2016-02-04,78.27,79.03,77.88,78.58,51.65,4545900
2016-02-05,78.17,79.22,77.35,79.04,51.95,3521900
2016-02-08,79.25,80.1,78.6,79.17,52.04,5350600
2016-02-09,78.75,79.81,78.24,78.93,51.88,3806500
2016-02-10,77.61,78.56,76.39,78.12,51.89,4134400
2016-02-11,77.77,78.31,76.77,76.8,51.02,4053600
2016-02-12,76.96,77.31,75.51,76.24,50.64,4520400
2016-02-16,76.2,76.49,75.45,76.29,50.68,3550200
2016-02-17,76.52,76.58,75.27,75.5,50.15,4989500
2016-02-18,75.04,76.66,74.69,76.21,50.62,6529600
2016-02-19,75.93,75.93,74.19,74.55,49.52,6272100
2016-02-22,74.8,75.21,74.26,74.84,49.71,3893700
2016-02-23,74.65,75.17,74.23,74.81,49.69,4231900
2016-02-24,74.99,75.44,74.34,74.95,49.79,3869500
2016-02-25,75.16,76.45,74.84,76.44,50.78,3494100
2016-02-26,76.07,76.31,73.95,74.03,49.18,4250900
2016-02-29,73.96,74.94,73.79,74.28,49.34,3519500
2016-03-01,74.66,74.72,72.7,73.35,48.72,6084700
2016-03-02,73.35,73.88,72.48,73.63,48.91,12097000
2016-03-03,73.76,74.42,72.94,74.33,49.37,4238000
2016-03-04,73.98,75.55,73.67,75.17,49.93,3826800
2016-03-07,75.0,76.26,74.82,76.25,50.65,3469800
2016-03-08,76.32,77.31,75.9,77.27,51.33,4691500
2016-03-09,77.0,77.83,76.7,77.51,51.49,5048700
2016-03-10,77.51,77.88,76.84,77.26,51.32,4552800
2016-03-11,77.92,78.15,77.51,77.76,51.65,2908900
2016-03-14,77.96,78.04,77.21,77.72,51.63,2902300
2016-03-15,77.5,78.26,77.44,78.05,51.85,3312300
2016-03-16,78.2,79.08,77.08,78.95,52.44,3422100
2016-03-17,79.05,80.22,78.68,79.99,53.13,4042000
2016-03-18,80.26,80.4,79.42,79.67,52.92,6526800
2016-03-21,79.06,79.95,78.55,79.52,52.82,2940600
2016-03-22,79.42,79.8,78.84,78.88,52.4,2862800
2016-03-23,78.86,80.01,78.43,79.81,53.01,2565700
2016-03-24,79.54,80.11,79.33,79.75,52.97,2609500
2016-03-28,79.75,80.35,79.31,79.48,52.8,1745700
2016-03-29,79.7,80.46,79.06,80.44,53.43,2771700
2016-03-30,80.4,80.59,79.78,80.35,53.37,1660100
2016-03-31,80.35,80.71,79.81,80.68,53.59,2813000
2016-04-01,80.48,81.32,80.28,81.13,53.89,3155300
2016-04-04,81.15,81.38,80.4,81.09,53.86,1903400
2016-04-05,81.06,81.39,79.77,79.9,53.07,3002200
2016-04-06,79.6,79.77,78.67,79.36,52.72,3309100
2016-04-07,79.2,80.01,79.2,79.29,52.67,2506900
2016-04-08,79.63,80.35,79.54,79.77,52.99,1953700
2016-04-11,79.84,80.19,79.43,79.44,52.77,1928300
2016-04-12,79.75,80.39,79.35,80.22,53.29,2075300
2016-04-13,80.41,80.41,79.13,79.63,52.89,1899900
2016-04-14,79.61,79.76,79.06,79.45,52.78,1807800
2016-04-15,79.46,80.17,79.34,80.0,53.14,2520800
2016-04-18,80.0,80.4,79.49,80.4,53.41,1993500
2016-04-19,80.56,80.64,79.31,79.79,53.0,3543500
2016-04-20,79.99,80.25,78.13,78.2,51.94,3238200
2016-04-21,78.2,78.29,76.21,76.34,50.71,4967100
2016-04-22,76.64,77.12,76.43,77.01,51.15,2711600
2016-04-25,76.82,77.17,76.43,76.76,50.99,2807400
2016-04-26,76.97,77.21,76.53,76.95,51.11,2105200
2016-04-27,77.24,78.58,77.01,78.06,51.85,2927600
2016-04-28,77.32,78.42,77.02,78.34,52.04,2287000
2016-04-29,77.81,78.85,77.24,78.78,52.33,2727400
2016-05-02,78.83,79.63,78.68,78.94,52.44,2990200
2016-05-03,78.94,79.61,78.37,78.84,52.37,3026800
2016-05-04,78.83,80.61,78.64,80.02,53.15,4192400
2016-05-05,79.7,80.74,79.54,80.18,53.26,3698400
2016-05-06,80.11,80.13,78.36,79.38,52.73,4454200
2016-05-09,79.34,80.43,79.14,80.06,53.18,2679100
2016-05-10,80.41,80.5,79.84,80.06,53.18,2457800
2016-05-11,80.3,80.5,79.55,80.49,53.47,2704400
2016-05-12,80.35,81.28,79.91,81.08,53.86,2762300
2016-05-13,81.08,81.15,80.27,80.77,53.65,2612500
2016-05-16,80.58,81.01,80.16,81.0,53.8,2426500
2016-05-17,80.9,80.9,79.06,79.51,52.82,3682100
2016-05-18,78.6,78.6,76.36,76.57,51.4,4103700
2016-05-19,76.17,77.01,75.72,76.97,51.66,2883000
2016-05-20,77.26,77.27,76.47,77.0,51.68,2444600
2016-05-23,77.04,77.18,76.08,76.15,51.11,2755000
2016-05-24,76.42,77.09,76.23,76.99,51.68,2423600
2016-05-25,76.95,77.11,76.35,76.95,51.65,3613400
2016-05-26,76.99,78.01,76.99,77.96,52.33,1816700
2016-05-27,77.94,78.14,77.6,77.98,52.34,2194200
2016-05-31,78.01,78.37,77.68,78.23,52.51,4165000
2016-06-01,78.25,79.03,78.0,79.02,53.04,2917000
2016-06-02,78.72,79.01,77.96,78.94,52.99,2453100
2016-06-03,79.64,80.46,79.62,80.08,53.75,4171000
2016-06-06,80.27,80.47,79.57,79.84,53.59,3007800
2016-06-07,80.24,80.47,79.83,79.99,53.69,1957700
2016-06-08,79.84,80.51,79.84,80.51,54.04,1672300
2016-06-09,80.43,81.41,80.13,81.26,54.54,2533700
2016-06-10,81.23,81.6,80.62,81.24,54.53,3223000
2016-06-13,81.6,82.0,81.33,81.61,54.78,2872000
2016-06-14,81.51,82.44,81.3,82.41,55.32,3120300
2016-06-15,82.42,82.58,81.28,81.53,54.72,3229000
2016-06-16,81.9,82.71,81.7,82.53,55.4,3395900
2016-06-17,82.58,83.0,81.87,82.98,55.7,5575900
2016-06-20,82.73,82.9,81.32,82.0,55.04,3800800
2016-06-21,81.67,82.51,81.48,82.0,55.04,2042600
2016-06-22,82.05,82.18,81.73,81.83,54.93,1697700
2016-06-23,81.86,82.06,81.36,82.05,55.07,1582700
2016-06-24,81.63,83.29,81.41,82.43,55.33,3699300
2016-06-27,82.38,84.16,82.29,83.99,56.38,4392800
2016-06-28,83.77,84.0,83.12,83.94,56.34,4507000
2016-06-29,84.22,84.5,83.66,84.15,56.48,3699800
2016-06-30,84.3,85.79,84.14,85.79,57.58,5473100
2016-07-01,85.91,86.15,84.77,85.63,57.48,3402700
2016-07-05,85.79,87.02,85.61,86.93,58.35,3746900
2016-07-06,86.86,87.31,86.29,87.23,58.55,3785900
2016-07-07,86.79,87.02,84.94,85.29,57.25,4186600
2016-07-08,85.16,86.06,84.22,86.01,57.73,2809900
2016-07-11,85.43,86.12,84.58,86.01,57.73,2648500
2016-07-12,85.5,85.75,84.37,84.44,56.68,3768900
2016-07-13,84.99,85.21,84.51,85.05,57.09,3694900
2016-07-14,84.45,84.94,84.2,84.75,56.89,2990600
2016-07-15,84.99,85.29,84.45,84.92,57.0,2334400
2016-07-18,85.13,85.63,85.0,85.25,57.22,2965400
2016-07-19,85.17,85.49,84.82,85.38,57.31,4025300
2016-07-20,85.38,85.43,84.58,84.92,57.0,2124900
2016-07-21,84.56,85.5,84.23,85.4,57.32,2342500
2016-07-22,85.25,86.57,85.0,86.5,58.06,2226900
2016-07-25,86.49,86.71,86.03,86.69,58.19,2185600
2016-07-26,86.64,86.84,85.56,85.75,57.56,2250000
2016-07-27,85.6,85.65,84.15,84.83,56.94,3751700
2016-07-28,84.87,85.43,84.64,85.2,57.19,1724800
2016-07-29,85.45,85.99,85.21,85.59,57.45,3197300
2016-08-01,85.4,86.0,85.33,85.65,57.49,2445500
2016-08-02,85.24,85.73,84.81,85.56,57.43,3083400
2016-08-03,85.43,85.58,84.7,85.15,57.15,3076800
2016-08-04,85.0,85.5,84.8,85.24,57.22,2351700
2016-08-05,85.0,85.0,84.05,84.23,56.54,3540200
2016-08-08,84.33,85.12,83.85,84.74,56.88,3977500
2016-08-09,84.66,85.03,84.36,84.73,56.87,3195900
2016-08-10,84.03,84.54,83.28,83.79,56.82,2732100
2016-08-11,83.92,83.97,83.46,83.91,56.9,2731400
2016-08-12,84.14,84.3,83.45,83.49,56.61,2634700
2016-08-15,83.61,83.8,81.61,81.66,55.37,4025600
2016-08-16,81.51,81.58,80.41,80.45,54.55,4649000
2016-08-17,80.45,81.82,79.15,81.69,55.39,5850900
2016-08-18,81.56,82.78,81.52,82.78,56.13,3960500
2016-08-19,82.45,82.56,81.23,81.65,55.36,2631900
2016-08-22,81.88,82.22,81.49,81.89,55.53,1888000
2016-08-23,82.02,82.35,81.43,81.45,55.23,2199400
2016-08-24,81.38,81.75,80.8,81.56,55.3,2048600
2016-08-25,81.66,82.08,81.45,81.73,55.42,1858300
2016-08-26,81.74,82.17,79.82,79.92,54.19,2400700
2016-08-29,80.11,80.61,80.07,80.44,54.54,1923400
2016-08-30,80.4,80.79,79.4,79.52,53.92,3101000
2016-08-31,79.52,79.75,79.22,79.66,54.01,3546200
2016-09-01,79.66,79.8,79.13,79.33,53.79,2428600
2016-09-02,79.33,80.28,79.22,80.24,54.41,2767600
2016-09-06,80.55,81.23,80.24,80.94,54.88,2775900
2016-09-07,81.26,81.26,80.38,80.54,54.61,2259600
2016-09-08,80.44,81.01,80.27,80.81,54.79,2047100
2016-09-09,80.04,80.22,77.92,77.95,52.86,3329500
2016-09-12,78.11,79.56,77.9,79.28,53.76,3518400
2016-09-13,79.32,79.46,78.44,78.79,53.42,3602400
2016-09-14,79.75,87.75,78.38,78.67,53.34,2532000
2016-09-15,78.26,79.17,78.26,79.06,53.61,2504100
2016-09-16,78.54,79.68,78.45,79.61,53.98,5058200
2016-09-19,79.77,80.52,79.65,80.46,54.56,3159600
2016-09-20,80.51,80.84,80.17,80.17,54.36,2398900
2016-09-21,80.18,81.93,80.17,81.9,55.53,2728100
2016-09-22,82.12,82.63,81.76,82.51,55.95,2707300
2016-09-23,82.28,82.79,82.0,82.52,55.95,2348800
2016-09-26,82.42,82.67,81.86,82.15,55.7,2718100
2016-09-27,82.51,82.81,81.29,81.43,55.21,2268300
2016-09-28,81.73,81.73,80.44,81.1,54.99,1998200
2016-09-29,80.82,80.82,79.68,80.31,54.46,2898900
2016-09-30,80.62,80.94,79.51,80.04,54.27,3883000
2016-10-03,79.78,79.84,78.53,79.09,53.63,2963200
2016-10-04,79.1,79.49,77.11,77.46,52.52,3491900
2016-10-05,77.58,78.37,76.93,77.09,52.27,3834200
2016-10-06,77.05,77.91,76.54,77.09,52.27,5137600
2016-10-07,77.63,78.21,76.52,76.57,51.92,4537400
2016-10-10,76.88,77.38,76.54,77.06,52.25,2381500
2016-10-11,76.8,76.82,75.81,75.91,51.47,3479400
2016-10-12,76.03,76.81,76.0,76.65,51.97,3082400
2016-10-13,76.57,78.47,76.57,77.94,52.85,3773600
2016-10-14,77.68,77.98,77.18,77.21,52.35,2460500
2016-10-17,77.3,77.81,77.24,77.54,52.58,1784500
2016-10-18,77.91,78.25,76.95,77.9,52.82,2481500
2016-10-19,77.9,78.28,77.5,78.13,52.98,2547400
2016-10-20,78.23,79.09,77.97,78.42,53.17,2804000
2016-10-21,78.02,78.26,77.55,78.02,52.9,2132800
2016-10-24,78.31,78.61,77.81,78.4,53.16,2868100
2016-10-25,78.27,78.82,78.15,78.59,53.29,3664500
2016-10-26,78.58,78.93,78.12,78.77,53.41,2215100
2016-10-27,78.44,78.74,77.94,78.42,53.17,1982500
2016-10-28,78.57,79.09,78.28,78.72,53.38,1608800
2016-10-31,78.96,80.49,78.8,80.02,54.26,3523900
2016-11-01,80.04,80.05,78.34,78.57,53.28,2984600
2016-11-02,78.37,78.47,76.93,78.0,52.89,3239100
2016-11-03,77.83,78.36,77.4,77.98,52.88,2455300
2016-11-04,78.5,79.18,77.18,77.27,52.39,2849400
2016-11-07,77.81,79.13,76.9,79.13,53.66,3303900
2016-11-08,79.32,79.99,79.0,79.65,54.01,2243200
2016-11-09,79.0,79.0,77.15,77.34,52.44,4758400
2016-11-10,76.99,76.99,73.69,75.16,50.96,6005000
2016-11-11,75.11,75.98,74.75,75.24,51.02,3746000
2016-11-14,75.09,75.1,73.58,74.44,50.48,5903000
2016-11-15,74.96,76.37,74.86,75.93,51.49,4442000
2016-11-16,75.28,75.57,73.69,73.97,50.73,4849300
2016-11-17,73.96,74.5,73.75,73.87,50.66,4460100
2016-11-18,74.01,74.21,73.34,73.6,50.47,4450500
2016-11-21,73.99,74.5,73.78,74.43,51.04,3204300
2016-11-22,74.12,74.34,73.27,73.88,50.67,3590800
2016-11-23,73.32,74.3,73.23,73.54,50.43,2829200
2016-11-25,73.75,74.71,73.73,74.35,50.99,1972200
2016-11-28,74.66,76.14,74.62,76.08,52.17,4049000
2016-11-29,75.79,76.67,75.63,76.37,52.37,3763100
2016-11-30,75.27,75.36,73.77,73.77,50.59,5583200
2016-12-01,73.5,73.57,72.47,72.75,49.89,4324800
2016-12-02,73.3,74.18,72.94,73.42,50.35,3754100
2016-12-05,73.14,73.61,72.34,73.61,50.48,3559200
2016-12-06,73.83,74.22,73.6,73.86,50.65,3140000
2016-12-07,73.98,74.77,73.88,74.67,51.21,3370900
2016-12-08,74.11,74.93,73.5,74.73,51.25,3386600
2016-12-09,74.68,75.84,74.61,75.82,52.0,3196100
2016-12-12,75.65,76.59,75.58,76.48,52.45,3963600
2016-12-13,76.67,77.45,76.52,77.32,53.03,3968700
2016-12-14,77.6,77.94,75.35,75.53,51.8,4756000
2016-12-15,75.34,76.11,74.95,76.03,52.14,3127700
2016-12-16,76.2,76.8,75.78,76.59,52.52,7038000
2016-12-19,77.1,77.24,76.37,77.13,52.89,2775000
2016-12-20,76.71,77.58,76.62,77.35,53.05,2639200
2016-12-21,77.23,77.66,76.98,77.0,52.81,2013300
2016-12-22,76.96,78.05,76.91,77.77,53.33,3339000
2016-12-23,77.77,77.83,77.25,77.62,53.23,1421400
2016-12-27,77.49,77.73,77.13,77.48,53.13,1554500
2016-12-28,77.54,77.62,76.9,77.03,52.83,1897600
2016-12-29,77.11,78.17,77.0,78.02,53.51,2976500
2016-12-30,78.05,78.24,77.35,77.62,53.23,2465600
2017-01-03,77.65,78.02,77.02,77.73,53.31,2905900
2017-01-04,77.65,78.35,77.63,77.65,53.25,2531100
2017-01-05,77.9,77.96,77.04,77.75,53.32,3284600
2017-01-06,77.5,77.87,77.26,77.49,53.14,3132200
2017-01-09,77.61,77.73,76.4,76.64,52.56,4585700
2017-01-10,76.49,76.83,76.14,76.5,52.46,2840000
2017-01-11,76.28,77.2,76.25,77.1,52.87,2726200
2017-01-12,76.97,77.61,76.77,77.54,53.18,2476300
2017-01-13,77.34,77.48,76.77,77.21,52.95,1954200
2017-01-17,77.47,77.83,77.26,77.46,53.12,3755000
2017-01-18,77.38,77.91,77.29,77.5,53.15,2235700
2017-01-19,77.27,77.57,76.88,77.12,52.89,2575500
2017-01-20,77.32,77.58,76.95,77.33,53.03,2662800
2017-01-23,77.43,77.68,76.89,77.03,52.83,2166800
2017-01-24,77.2,77.33,76.86,77.18,52.93,2751400
2017-01-25,76.93,77.12,76.56,77.08,52.86,2347000
2017-01-26,76.99,77.23,76.65,77.12,52.89,3085400
2017-01-27,77.32,77.63,76.73,76.94,52.76,2562000
2017-01-30,76.98,77.52,76.7,77.12,52.89,2379100
2017-01-31,77.12,78.56,77.12,78.54,53.86,3753700
2017-02-01,78.14,78.26,77.08,77.36,53.05,3454900
2017-02-02,77.57,77.94,77.16,77.79,53.35,2997400
2017-02-03,77.89,78.04,77.48,77.65,53.25,2478100
2017-02-06,77.89,78.04,77.45,77.57,53.2,2017100
2017-02-07,77.65,77.86,77.41,77.75,53.32,1629900
2017-02-08,77.82,78.71,77.74,78.64,53.93,2973600
2017-02-09,78.64,78.84,77.57,77.75,53.32,3351400
2017-02-10,77.59,78.16,77.59,78.1,53.56,2550000
2017-02-13,78.26,78.69,77.9,78.69,53.96,2925900
2017-02-14,78.56,78.68,77.59,78.04,53.52,3715800
2017-02-15,76.79,77.17,76.28,76.78,53.24,3802900
2017-02-16,77.17,79.21,76.77,78.9,54.71,6795600
2017-02-17,78.7,78.99,77.98,78.36,54.33,4104600
2017-02-21,78.3,79.22,77.93,79.09,54.84,2735000
2017-02-22,79.21,79.99,78.96,79.87,55.38,2895000
2017-02-23,79.98,81.07,79.9,80.91,56.1,2801200
2017-02-24,81.2,82.21,81.17,81.96,56.83,3846800
2017-02-27,81.93,82.2,81.5,81.86,56.76,2505800
2017-02-28,81.59,82.82,81.59,82.55,57.24,3529900
2017-03-01,81.6,82.52,81.2,81.93,56.81,4832300
2017-03-02,81.6,82.78,81.39,82.36,57.11,4176100
2017-03-03,82.14,82.16,81.28,81.91,56.8,2848100
2017-03-06,81.96,82.08,81.53,81.87,56.77,2785100
2017-03-07,81.59,82.07,81.46,81.69,56.64,3732600
2017-03-08,81.11,81.12,80.25,80.32,55.69,3342600
2017-03-09,80.52,80.79,80.02,80.05,55.51,3074500
2017-03-10,80.41,80.95,80.17,80.64,55.91,3334400
2017-03-13,80.8,80.97,80.46,80.87,56.07,3423500
2017-03-14,80.85,81.11,80.61,80.87,56.07,2151200
2017-03-15,81.08,82.36,80.84,82.0,56.86,3727700
2017-03-16,82.2,82.33,81.24,81.62,56.59,4352300
2017-03-17,81.85,82.25,81.52,81.84,56.75,7276900
2017-03-20,81.93,82.1,80.86,81.18,56.29,3271000
2017-03-21,81.15,83.01,81.12,82.68,57.33,5092500
2017-03-22,82.99,83.59,82.58,82.76,57.38,2881800
2017-03-23,82.49,83.29,82.35,82.68,57.33,2410000
2017-03-24,82.61,83.27,82.45,82.99,57.54,2078800
2017-03-27,83.32,83.58,82.41,82.79,57.41,2125800
2017-03-28,82.54,82.98,82.35,82.93,57.5,2458500
2017-03-29,82.74,82.74,82.19,82.42,57.15,2087600
2017-03-30,82.11,82.12,81.66,82.04,56.89,2467000
2017-03-31,81.91,82.47,81.73,82.01,56.86,2251800
2017-04-03,81.9,82.29,81.27,82.25,57.03,2756200
2017-04-04,82.24,82.69,81.98,82.37,57.11,1761400
2017-04-05,82.27,82.97,82.11,82.87,57.46,2064000
2017-04-06,82.66,82.87,82.37,82.59,57.27,2499200
2017-04-07,82.8,82.99,82.21,82.26,57.04,2453100
2017-04-10,82.3,82.44,81.85,82.4,57.13,2563900
2017-04-11,82.32,82.4,81.78,82.19,56.99,1876600
2017-04-12,81.96,82.84,81.76,82.78,57.4,2230800
2017-04-13,82.76,82.9,82.13,82.59,57.27,2425200
2017-04-17,82.7,83.01,82.54,82.93,57.5,2046600
2017-04-18,82.9,83.26,82.65,82.86,57.45,2257400
2017-04-19,82.84,82.91,82.02,82.35,57.1,2132600
2017-04-20,82.35,82.35,81.42,82.03,56.88,2330800
2017-04-21,82.1,82.7,82.03,82.21,57.0,2471100
2017-04-24,82.41,82.69,81.64,82.58,57.26,2641300
2017-04-25,82.41,82.72,82.12,82.69,57.34,2954400
2017-04-26,82.57,83.29,82.44,82.6,57.27,2291800
2017-04-27,82.68,83.35,82.6,82.9,57.48,1736700
2017-04-28,82.71,82.9,82.26,82.5,57.2,2166600
2017-05-01,82.51,82.62,81.85,82.07,56.91,2069600
2017-05-02,82.23,82.58,81.9,82.39,57.13,2576100
2017-05-03,82.28,82.55,81.91,82.04,56.89,2128500
2017-05-04,81.93,82.66,81.87,82.59,57.27,2110400
2017-05-05,82.69,83.15,82.69,82.98,57.54,2144500
2017-05-08,83.02,83.16,82.37,82.92,57.5,2179400
2017-05-09,82.53,82.97,82.08,82.11,56.93,2478000
2017-05-10,82.27,82.7,82.01,82.48,57.19,2142900
2017-05-11,82.15,83.02,82.06,83.0,57.55,2372900
2017-05-12,83.1,83.67,83.02,83.48,57.88,2013500
2017-05-15,83.55,83.79,83.26,83.58,57.95,2043000
2017-05-16,83.58,83.8,83.09,83.12,57.63,2614700
2017-05-17,82.27,83.24,82.27,82.78,57.99,4344700
2017-05-18,83.1,83.66,82.49,83.25,58.32,3772300
2017-05-19,83.36,83.43,82.72,83.37,58.41,3104700
2017-05-22,83.27,84.34,83.19,84.1,58.92,2213200
2017-05-23,84.13,84.78,84.02,84.3,59.06,1749300
2017-05-24,84.47,84.88,84.39,84.69,59.33,2971100
2017-05-25,84.81,85.25,84.61,85.14,59.65,2801700
2017-05-26,85.19,85.35,84.95,85.07,59.6,2024000
2017-05-30,85.2,85.54,84.88,85.41,59.84,2501600
2017-05-31,85.52,86.01,85.4,85.68,60.03,3250800
2017-06-01,85.48,86.4,85.24,86.4,60.53,3158900
2017-06-02,86.79,86.8,85.92,86.28,60.45,2114500
2017-06-05,86.25,86.3,85.69,85.83,60.13,2284900
2017-06-06,86.09,86.16,85.66,85.81,60.12,2066800
2017-06-07,85.81,86.24,85.58,86.09,60.31,3025100
2017-06-08,86.09,86.09,84.75,85.38,59.82,2571100
2017-06-09,85.1,85.75,84.92,85.72,60.05,2264200
2017-06-12,85.73,86.19,85.08,85.62,59.98,3292600
2017-06-13,85.53,86.05,85.42,85.95,60.22,2421400
2017-06-14,86.44,86.84,86.09,86.32,60.48,2432900
2017-06-15,86.21,86.96,86.08,86.95,60.92,2468100
2017-06-16,87.12,87.49,86.91,87.14,61.05,4996900
2017-06-19,87.31,87.31,86.52,86.89,60.87,2394500
2017-06-20,86.84,87.05,86.67,86.91,60.89,2420400
2017-06-21,86.93,87.14,86.12,86.57,60.65,1735200
2017-06-22,86.4,86.73,86.22,86.28,60.45,2106900
2017-06-23,86.22,86.6,85.86,85.96,60.22,1543000
2017-06-26,86.33,87.05,85.99,86.7,60.74,2834500
2017-06-27,86.36,86.54,85.45,85.7,60.04,2404500
2017-06-28,86.03,86.08,84.86,84.97,59.53,3180700
2017-06-29,84.73,84.73,83.77,84.03,58.87,3859300
2017-06-30,84.15,84.42,83.59,83.59,58.56,3607600
2017-07-03,83.78,83.84,83.16,83.31,58.37,1705900
2017-07-05,83.32,83.49,82.72,83.29,58.35,3530000
2017-07-06,83.1,83.3,82.77,83.21,58.3,2801800
2017-07-07,83.22,83.75,83.09,83.42,58.44,2531400
2017-07-10,83.58,83.82,83.16,83.19,58.28,1833900
2017-07-11,83.37,83.44,82.8,83.18,58.28,2558000
2017-07-12,83.83,84.27,83.71,83.98,58.84,2946600
2017-07-13,83.82,83.98,83.35,83.37,58.41,2175400
2017-07-14,83.85,84.13,83.68,83.84,58.74,1377300
2017-07-17,83.84,84.1,83.6,84.03,58.87,1594100
2017-07-18,84.07,84.28,83.93,84.19,58.98,1653500
2017-07-19,84.27,84.43,83.96,84.35,59.09,1790100
2017-07-20,84.6,84.95,84.24,84.93,59.5,1971700
2017-07-21,84.89,85.23,84.38,85.2,59.69,2494400
2017-07-24,85.24,85.28,84.33,84.55,59.23,2541700
2017-07-25,84.57,84.66,83.69,83.81,58.72,1926900
2017-07-26,83.68,84.46,83.6,84.45,59.16,1702400
2017-07-27,84.2,85.05,84.05,85.05,59.59,2179600
2017-07-28,85.01,85.23,84.58,84.91,59.49,2089800
2017-07-31,84.9,85.33,84.66,85.12,59.63,2435100
2017-08-01,85.15,85.52,85.05,85.17,59.67,2825100
2017-08-02,85.01,85.74,84.65,85.74,60.07,2131600
2017-08-03,86.0,86.52,85.51,86.51,60.61,2915600
2017-08-04,86.17,86.58,85.97,86.48,60.59,2599600
2017-08-07,86.46,86.55,86.0,86.26,60.43,2026400
2017-08-08,86.1,86.61,86.01,86.6,60.67,2045800
2017-08-09,86.76,86.9,86.01,86.2,60.39,2115400
2017-08-10,86.2,86.6,85.76,86.39,60.52,2140900
2017-08-11,86.47,86.47,85.16,85.7,60.04,2516800
2017-08-14,85.82,86.27,85.64,86.12,60.33,2473800
2017-08-15,85.91,86.97,85.89,86.89,60.87,1876300
2017-08-16,85.97,86.37,85.71,86.31,61.09,1804200
2017-08-17,86.31,86.45,85.8,85.87,60.78,2055000
2017-08-18,85.75,86.83,85.61,86.38,61.14,2853800
2017-08-21,86.5,86.68,86.16,86.58,61.28,2090600
2017-08-22,86.58,86.71,86.11,86.55,61.26,1719800
2017-08-23,86.57,86.99,86.14,86.88,61.5,1931900
2017-08-24,86.74,87.12,86.57,86.77,61.42,1984900
2017-08-25,87.39,87.55,86.97,87.23,61.74,1708900
2017-08-28,87.37,87.5,86.97,87.42,61.88,1185400
2017-08-29,87.55,87.95,87.33,87.5,61.94,1828300
2017-08-30,87.32,87.58,87.07,87.28,61.78,1425100
2017-08-31,87.38,87.53,87.22,87.3,61.79,2188300
2017-09-01,87.48,87.55,86.73,87.09,61.65,1364000
2017-09-05,87.2,87.53,86.79,87.41,61.87,1910400
2017-09-06,87.52,87.62,86.81,86.99,61.58,1978900
2017-09-07,87.09,87.56,86.87,87.34,61.82,1943800
2017-09-08,87.37,88.03,87.21,87.78,62.13,1938300
2017-09-11,87.64,88.4,87.47,88.34,62.53,1674700
2017-09-12,88.3,88.34,86.72,87.28,61.78,2900200
2017-09-13,87.22,87.24,86.66,86.77,61.42,2544800
2017-09-14,86.74,87.58,86.53,87.5,61.94,2755900
2017-09-15,87.5,87.78,86.82,87.3,61.79,6419300
2017-09-18,87.3,87.31,85.53,86.06,60.92,2868200
2017-09-19,86.06,86.27,85.88,85.98,60.86,1954300
2017-09-20,86.21,86.25,84.86,85.2,60.31,2982700
2017-09-21,85.22,85.66,85.0,85.16,60.28,2456100
2017-09-22,85.36,85.4,84.22,84.25,59.64,1799200
2017-09-25,84.25,85.14,84.24,85.14,60.27,2117300
2017-09-26,85.04,85.16,84.69,84.82,60.04,1570600
2017-09-27,84.4,84.6,83.52,83.94,59.42,2318900
2017-09-28,83.65,84.5,83.4,84.26,59.64,2365800
2017-09-29,84.13,84.22,83.6,83.92,59.4,2384500
2017-10-02,84.07,84.62,83.78,84.36,59.71,2601100
2017-10-03,84.2,84.23,83.52,83.85,59.35,1926600
2017-10-04,83.9,84.48,83.65,84.47,59.79,3088800
2017-10-05,84.56,84.72,84.14,84.29,59.66,2060300
2017-10-06,84.01,84.74,83.8,84.64,59.91,2744500
2017-10-09,84.75,85.25,84.69,84.82,60.04,2720900
2017-10-10,85.0,85.88,84.8,85.79,60.73,1593100
2017-10-11,85.8,86.68,85.76,86.39,61.15,2235900
2017-10-12,86.45,87.07,86.4,86.97,61.56,2272900
2017-10-13,87.18,87.6,86.75,86.79,61.43,2073000
2017-10-16,86.7,87.15,86.42,87.13,61.67,1728700
2017-10-17,86.99,87.59,86.78,87.51,61.94,2355500
2017-10-18,87.34,87.46,86.51,87.04,61.61,1530600
2017-10-19,87.02,87.88,87.01,87.85,62.18,1672500
2017-10-20,87.73,88.06,87.52,87.93,62.24,2033600
2017-10-23,87.96,88.0,86.88,87.54,61.96,2609600
2017-10-24,87.65,88.06,87.34,87.99,62.28,2197800
2017-10-25,87.61,87.96,86.71,87.75,62.11,2268400
2017-10-26,88.12,88.55,87.35,87.36,61.84,2708400
2017-10-27,87.23,88.52,87.12,87.95,62.25,2059800
2017-10-30,87.78,88.2,87.68,88.11,62.37,2262300
2017-10-31,88.0,88.64,87.8,88.31,62.51,2666700
2017-11-01,88.56,88.56,87.56,87.86,62.19,2023900
2017-11-02,88.0,88.73,87.67,88.56,62.69,3518300
2017-11-03,88.28,89.5,88.16,88.52,62.66,2405200
2017-11-06,88.36,88.72,87.77,87.87,62.2,2557000
2017-11-07,88.08,89.43,87.61,89.36,63.25,2315000
2017-11-08,89.15,89.68,88.67,89.23,63.16,3057700
2017-11-09,89.06,89.74,88.91,89.63,63.44,2101600
2017-11-10,89.1,89.29,88.65,88.89,62.92,2216700
2017-11-13,89.06,90.22,88.98,89.88,63.62,2626600
2017-11-14,89.68,91.14,89.61,91.09,64.48,2713100
2017-11-15,91.38,91.8,90.42,90.58,64.12,3304400
2017-11-16,89.75,89.91,88.88,89.21,63.77,3205200
2017-11-17,88.86,89.28,88.45,88.52,63.28,2652700
2017-11-20,88.62,88.99,88.32,88.66,63.38,2558500
2017-11-21,88.76,89.2,88.66,88.81,63.49,2467000
2017-11-22,88.74,88.89,88.29,88.63,63.36,1653000
2017-11-24,88.82,89.08,88.64,88.78,63.47,936300
2017-11-27,88.89,89.02,88.41,88.88,63.54,3129300
2017-11-28,89.08,89.4,88.68,88.98,63.61,3013700
2017-11-29,88.77,89.35,88.32,89.0,63.62,2917800
2017-11-30,89.15,89.41,88.74,89.18,63.75,4393100
2017-12-01,89.39,89.72,88.19,88.73,63.43,3088500
2017-12-04,89.07,89.43,88.43,88.62,63.35,2552300
2017-12-05,88.71,88.75,87.45,87.96,62.88,3261300
2017-12-06,88.23,88.5,87.88,88.31,63.13,1970100
2017-12-07,88.25,88.27,87.54,87.9,62.84,2346000
2017-12-08,87.57,88.12,87.57,88.05,62.94,2701700
2017-12-11,87.81,88.39,87.55,88.37,63.17,2244200
2017-12-12,88.01,88.23,87.07,87.13,62.29,2787200
2017-12-13,87.43,88.19,87.15,87.56,62.59,3938200
2017-12-14,87.52,87.84,86.72,87.56,62.59,2437800
2017-12-15,87.71,88.16,87.55,87.84,62.79,6372800
2017-12-18,88.0,88.15,86.4,86.54,61.86,3166000
2017-12-19,86.66,86.73,84.93,85.01,60.77,2635100
2017-12-20,85.0,85.4,84.43,84.49,60.4,2011400
2017-12-21,84.45,84.77,83.75,84.3,60.26,2966400
2017-12-22,84.4,84.62,83.97,84.17,60.17,1683900
2017-12-26,84.26,84.38,83.56,83.6,59.76,1223100
2017-12-27,83.64,84.1,83.64,83.98,60.03,1663700
2017-12-28,84.08,84.26,83.86,83.99,60.04,1904400
2017-12-29,84.28,84.58,83.98,84.11,60.13,2210700
2018-01-02,84.28,84.42,82.9,83.23,59.5,3167900
2018-01-03,83.06,83.79,82.84,82.97,59.31,2690200
2018-01-04,82.82,83.23,82.15,82.32,58.85,2475800
2018-01-05,82.51,82.75,81.35,81.94,58.58,3827200
2018-01-08,81.98,82.31,81.72,82.2,58.76,3560000
2018-01-09,82.03,82.03,80.96,81.24,58.08,2781700
2018-01-10,80.78,80.95,79.92,80.11,57.27,3227200
2018-01-11,79.51,80.14,79.0,79.28,56.67,4087200
2018-01-12,79.0,79.61,78.55,78.9,56.4,3211400
2018-01-16,79.09,79.27,78.21,78.42,56.06,4375300
2018-01-17,78.36,78.7,77.62,78.41,56.05,4125200
2018-01-18,78.64,78.64,77.05,77.34,55.29,4757600
2018-01-19,77.47,77.82,76.64,76.82,54.92,4536700
2018-01-22,77.16,77.65,76.85,76.95,55.01,3720100
2018-01-23,77.75,78.45,77.24,77.71,55.55,4033900
2018-01-24,77.7,77.73,77.21,77.24,55.22,3601700
2018-01-25,77.23,79.22,77.2,78.9,56.4,4842900
2018-01-26,78.93,79.04,78.06,78.83,56.35,3944500
2018-01-29,78.55,78.57,77.17,77.29,55.25,4901300
2018-01-30,77.1,77.91,76.97,77.66,55.52,3969200
2018-01-31,77.78,78.58,77.25,78.5,56.12,4007000
2018-02-01,78.32,78.65,76.67,76.84,54.93,4328600
2018-02-02,76.82,77.73,76.43,76.53,54.71,4252400
2018-02-05,76.65,77.59,75.73,75.81,54.19,5852100
2018-02-06,75.15,75.25,72.93,74.49,53.25,7810800
2018-02-07,74.46,75.56,74.18,74.4,53.19,4840400
2018-02-08,74.09,75.87,73.8,74.32,53.13,6160100
2018-02-09,74.32,76.72,73.86,76.1,54.4,6312300
2018-02-12,76.12,77.25,75.66,76.81,54.91,4373100
2018-02-13,76.54,77.3,75.82,77.08,55.1,3808000
2018-02-14,76.62,76.66,75.45,75.48,53.96,4563000
2018-02-15,74.77,76.21,74.66,76.2,55.12,3923800
2018-02-16,76.07,76.89,75.77,76.7,55.48,3796600
2018-02-20,76.21,76.62,74.82,75.69,54.75,4017000
2018-02-21,75.58,76.5,75.3,75.33,54.49,4242800
2018-02-22,75.48,76.25,75.17,75.54,54.65,3103900
2018-02-23,75.45,77.3,75.38,77.22,55.86,2839100
2018-02-26,79.11,79.63,77.65,77.92,56.37,5253800
2018-02-27,77.88,78.29,76.33,76.33,55.22,4088600
2018-02-28,76.02,76.56,75.31,75.34,54.5,3321700
2018-03-01,75.35,76.82,75.16,75.56,54.66,3209700
2018-03-02,75.46,76.3,74.58,75.35,54.51,3631400
2018-03-05,75.22,77.67,74.87,77.49,56.06,3840600
2018-03-06,77.23,77.39,75.63,75.86,54.88,3655400
2018-03-07,75.41,75.7,74.93,75.25,54.44,9936900
2018-03-08,75.53,76.03,75.24,75.99,54.97,4733900
2018-03-09,75.9,76.15,75.52,76.13,55.07,3870100
2018-03-12,76.12,76.73,76.06,76.55,55.38,3581800
2018-03-13,76.9,77.33,76.19,76.47,55.32,6365000
2018-03-14,76.71,77.33,76.45,77.0,55.7,3788900
2018-03-15,76.87,77.63,76.29,76.74,55.51,4619000
2018-03-16,76.9,77.73,76.74,77.59,56.13,6667100
2018-03-19,77.8,77.87,76.71,77.04,55.73,5503500
2018-03-20,77.02,77.37,76.33,76.43,55.29,3888500
2018-03-21,76.43,77.22,75.84,76.18,55.11,4051400
2018-03-22,76.34,77.53,76.08,76.19,55.12,3704800
2018-03-23,76.52,76.92,75.03,75.17,54.38,3033400
2018-03-26,75.3,76.07,75.23,75.92,54.92,2805900
2018-03-27,75.99,77.69,75.77,77.1,55.77,4338900
2018-03-28,77.32,77.76,76.56,77.42,56.01,4543200
2018-03-29,77.09,77.91,77.04,77.47,56.04,3962500
2018-04-02,77.55,78.05,76.57,77.1,55.77,3741100
2018-04-03,77.0,77.64,76.68,77.26,55.89,2971400
2018-04-04,77.15,77.91,76.71,77.71,56.22,3467600
2018-04-05,77.69,78.79,76.76,78.6,56.86,3934200
2018-04-06,78.59,78.9,78.06,78.16,56.54,3411900
2018-04-09,78.14,79.05,78.04,78.47,56.76,3855100
2018-04-10,78.47,78.56,77.25,77.52,56.08,4187900
2018-04-11,77.35,77.78,76.79,77.08,55.76,2426800
2018-04-12,77.09,77.38,75.96,76.14,55.08,2369000
2018-04-13,76.27,76.99,76.26,76.67,55.46,3993200
2018-04-16,76.82,78.08,76.8,77.96,56.4,2402900
2018-04-17,78.01,78.75,77.79,78.5,56.79,1727800
2018-04-18,78.65,79.42,78.27,78.28,56.63,2057000
2018-04-19,78.16,78.61,77.85,78.52,56.8,2423300
2018-04-20,78.63,78.72,77.53,77.68,56.19,2764000
2018-04-23,77.88,78.23,77.57,77.99,56.42,2172700
2018-04-24,78.22,78.74,77.77,78.22,56.58,4273000
2018-04-25,78.16,78.9,77.82,78.89,57.07,3282100
2018-04-26,78.87,79.92,78.53,79.84,57.76,2810000
2018-04-27,79.6,80.75,79.5,80.5,58.23,2600500
2018-04-30,80.64,80.85,80.06,80.16,57.99,2658100
2018-05-01,80.16,80.3,79.62,79.83,57.75,2423200
2018-05-02,79.84,80.37,79.57,79.98,57.86,2586200
2018-05-03,79.75,80.09,78.82,79.76,57.7,3522600
2018-05-04,79.77,80.41,79.58,79.88,57.78,3853900
2018-05-07,79.87,80.13,79.44,79.5,57.51,2901400
2018-05-08,79.31,79.39,77.63,77.88,56.34,4333400
2018-05-09,77.81,77.95,76.88,77.64,56.16,3853500
2018-05-10,78.8,79.48,77.54,78.16,56.54,4605300
2018-05-11,78.21,78.4,77.53,77.91,56.36,4231000
2018-05-14,78.07,78.22,77.36,77.83,56.3,3972500
2018-05-15,77.35,77.66,76.57,76.93,55.65,3889100
2018-05-16,76.93,77.07,75.5,76.03,55.0,5483400
2018-05-17,75.05,75.28,73.91,74.15,54.28,3474800
2018-05-18,74.27,74.55,73.13,73.8,54.02,3721000
2018-05-21,73.98,74.06,73.35,73.68,53.93,3301700
2018-05-22,73.43,74.31,73.4,74.07,54.22,2957300
2018-05-23,74.33,75.05,74.19,74.87,54.8,2901100
2018-05-24,74.87,75.8,74.64,75.74,55.44,4162700
2018-05-25,75.74,76.02,75.58,75.81,55.49,2262600
2018-05-29,75.76,77.04,75.49,76.6,56.07,4468600
2018-05-30,76.27,77.19,76.04,76.98,56.35,2620800
2018-05-31,76.94,77.57,76.46,77.16,56.48,3587800
2018-06-01,77.12,77.15,75.53,76.08,55.69,3403200
2018-06-04,76.33,76.5,75.34,75.37,55.17,3234500
2018-06-05,75.44,75.51,74.58,74.75,54.71,2497300
2018-06-06,74.72,74.86,73.0,73.14,53.54,3949500
2018-06-07,73.14,74.28,72.83,73.48,53.78,3289800
2018-06-08,73.54,73.76,72.87,73.12,53.52,3268500
2018-06-11,73.02,73.24,71.96,72.12,52.79,4922400
2018-06-12,72.13,72.85,71.98,72.48,53.05,4694200
2018-06-13,72.54,72.88,72.01,72.25,52.88,5618200
2018-06-14,72.5,73.68,72.37,73.46,53.77,5079900
2018-06-15,73.29,74.4,73.1,74.3,54.38,6493000
2018-06-18,74.28,74.65,74.04,74.41,54.47,3223900
2018-06-19,74.73,75.85,74.59,75.67,55.39,4039400
2018-06-20,76.29,76.6,75.77,76.19,55.77,3660900
2018-06-21,76.19,77.18,76.07,76.91,56.3,4198700
2018-06-22,76.9,77.67,76.76,77.43,56.68,3184200
2018-06-25,77.5,79.17,77.47,79.08,57.88,4768200
2018-06-26,78.98,79.53,78.65,78.79,57.67,4402500
2018-06-27,78.76,79.71,78.5,79.52,58.21,3978400
2018-06-28,79.75,80.15,79.1,79.23,57.99,2659400
2018-06-29,79.06,79.54,78.51,79.08,57.88,3385000
2018-07-02,79.21,79.86,78.9,79.76,58.38,2570000
2018-07-03,79.76,80.43,79.45,79.81,58.42,2568600
2018-07-05,79.96,80.62,79.61,80.61,59.0,3964600
2018-07-06,80.58,81.7,80.49,81.62,59.74,2963000
2018-07-09,81.59,81.59,78.37,78.64,57.56,4505700
2018-07-10,78.42,79.94,77.9,79.52,58.21,3763200
2018-07-11,79.71,80.58,79.69,80.38,58.84,3921000
2018-07-12,80.41,80.64,80.1,80.5,58.92,3655400
2018-07-13,80.67,80.93,79.98,80.62,59.01,3366200
2018-07-16,80.69,80.98,80.08,80.78,59.13,4171500
2018-07-17,80.94,81.0,80.54,80.65,59.03,2271400
2018-07-18,80.74,80.74,79.9,80.44,58.88,3103400
2018-07-19,80.63,81.75,80.51,81.2,59.44,3009000
2018-07-20,81.06,81.33,80.0,80.65,59.03,3013500
2018-07-23,81.23,81.23,79.67,79.97,58.54,2844900
2018-07-24,80.1,80.14,78.78,79.89,58.48,4065500
2018-07-25,79.79,80.62,79.69,80.18,58.69,2582100
2018-07-26,80.45,81.34,80.41,81.14,59.39,2812000
2018-07-27,81.0,81.7,80.75,81.09,59.35,2097200
2018-07-30,80.85,81.2,80.6,80.77,59.12,2306900
2018-07-31,81.2,81.71,80.76,81.62,59.74,3691100
2018-08-01,81.14,81.44,80.14,81.05,59.33,3478500
2018-08-02,80.63,81.2,79.51,80.45,58.89,4075600
2018-08-03,80.52,81.72,80.29,81.55,59.69,3122300
2018-08-06,81.57,82.22,80.8,81.12,59.38,3285600
2018-08-07,81.12,81.18,80.0,80.88,59.2,2629400
2018-08-08,80.62,80.9,80.18,80.43,58.87,2429900
2018-08-09,80.46,80.87,80.28,80.81,59.15,1658000
2018-08-10,80.98,81.8,80.85,80.89,59.21,3467100
2018-08-13,80.92,81.12,80.52,80.94,59.25,4051000
2018-08-14,80.97,81.53,80.78,81.22,59.45,2379000
2018-08-15,81.44,82.45,81.31,81.86,59.92,3683400
2018-08-16,80.91,81.84,80.55,81.79,60.55,3104900
2018-08-17,81.64,82.72,81.58,82.28,60.92,3090200
2018-08-20,82.38,82.57,81.62,81.81,60.57,2643600
2018-08-21,81.71,81.78,80.83,81.28,60.18,2623400
2018-08-22,81.4,81.8,80.54,80.83,59.84,3050000
2018-08-23,80.73,81.45,80.67,80.88,59.88,1828100
2018-08-24,81.07,81.49,80.66,81.41,60.27,2296600
2018-08-27,81.42,81.59,80.3,80.59,59.67,2559200
2018-08-28,80.44,80.62,80.16,80.35,59.49,2307900
2018-08-29,80.49,80.78,80.19,80.73,59.77,2322700
2018-08-30,80.96,81.45,80.64,81.32,60.21,2738700
2018-08-31,81.3,81.8,80.87,81.24,60.15,3837400
2018-09-04,81.38,81.88,81.24,81.42,60.28,2887100
2018-09-05,81.51,83.3,81.51,83.19,61.59,4884700
2018-09-06,82.62,83.77,82.62,83.47,61.8,3213600
2018-09-07,82.82,83.19,81.94,82.47,61.06,3113000
2018-09-10,82.72,83.23,82.26,82.31,60.94,4512800
2018-09-11,82.44,82.8,81.27,81.38,60.25,4085500
2018-09-12,81.23,81.5,80.61,80.89,59.89,4646300
2018-09-13,80.91,82.21,80.55,82.15,60.82,4725200
2018-09-14,81.99,82.0,81.04,81.7,60.49,3102700
2018-09-17,81.77,82.14,81.26,82.08,60.77,3052100
2018-09-18,82.44,82.5,81.66,81.92,60.65,4191000
2018-09-19,81.89,81.96,79.62,80.09,59.3,4469600
2018-09-20,80.0,80.74,79.27,80.62,59.69,4074900
2018-09-21,80.5,80.92,78.53,79.82,59.1,15566200
2018-09-24,79.71,79.97,79.43,79.61,58.94,3633700
2018-09-25,79.6,79.7,78.55,78.81,58.35,4748700
2018-09-26,78.8,79.25,78.04,78.09,57.81,5169800
2018-09-27,78.0,79.32,78.0,78.94,58.44,3256000
2018-09-28,79.13,80.06,79.1,80.02,59.24,4540900
2018-10-01,79.91,80.0,79.19,79.55,58.9,2727200
2018-10-02,79.93,80.75,79.91,80.42,59.54,2509500
2018-10-03,80.34,80.61,78.52,79.19,58.63,4127400
2018-10-04,79.11,80.03,78.56,79.94,59.18,3620300
2018-10-05,79.9,81.72,79.83,81.4,60.26,4824800
2018-10-08,81.5,82.95,81.35,82.14,60.81,4450200
2018-10-09,82.27,82.69,81.81,82.25,60.89,4204200
2018-10-10,82.2,83.31,81.83,81.88,60.62,5042100
2018-10-11,82.15,82.41,79.67,79.98,59.21,6074700
2018-10-12,79.77,80.11,79.01,79.99,59.22,5821700
2018-10-15,79.92,80.85,79.71,80.13,59.32,3018400
2018-10-16,80.05,81.41,79.75,80.94,59.92,3333200
2018-10-17,80.82,81.07,80.19,80.77,59.8,2670600
2018-10-18,81.49,81.74,80.91,81.26,60.16,4274200
2018-10-19,81.25,83.42,81.23,82.75,61.26,4395800
2018-10-22,83.02,83.21,82.33,82.64,61.18,4275800
2018-10-23,82.97,84.03,82.21,82.3,60.93,4882800
2018-10-24,82.64,85.08,82.28,84.75,62.75,4890200
2018-10-25,84.5,84.55,83.41,83.64,61.92,6787900
2018-10-26,84.02,84.64,81.42,81.89,60.63,5326900
2018-10-29,82.09,83.62,81.88,83.46,61.79,4157900
2018-10-30,83.8,84.23,82.63,83.83,62.06,2996000
2018-10-31,83.22,83.35,82.04,82.63,61.18,4084000
2018-11-01,82.57,82.63,80.96,81.66,60.46,6994300
2018-11-02,83.41,83.83,80.89,82.59,61.15,7038400
2018-11-05,83.08,83.84,82.68,83.58,61.88,3057700
2018-11-06,83.66,84.45,83.44,84.33,62.43,2642900
2018-11-07,84.75,84.78,83.59,84.7,62.71,2981500
2018-11-08,84.74,85.02,83.33,84.33,62.43,3002400
2018-11-09,84.5,85.77,84.25,85.58,63.36,4432500
2018-11-12,85.25,86.96,85.2,85.92,63.61,3250900
2018-11-13,85.9,86.62,85.3,86.35,63.93,2833200
2018-11-14,85.9,86.95,85.65,86.42,63.98,3860600
2018-11-15,84.84,86.29,84.04,86.14,64.47,4481100
2018-11-16,86.44,87.1,85.89,86.68,64.87,3351200
2018-11-19,86.58,87.71,86.5,87.64,65.59,4114400
2018-11-20,88.07,89.23,87.8,88.52,66.25,6879300
2018-11-21,88.05,88.18,86.12,86.45,64.7,3640300
2018-11-23,86.62,86.99,86.2,86.75,64.92,1448300
2018-11-26,86.7,87.3,86.26,86.98,65.1,2169100
2018-11-27,87.02,88.0,86.53,87.83,65.73,2383400
2018-11-28,87.7,87.88,86.91,87.6,65.56,2950200
2018-11-29,87.61,88.06,86.65,87.6,65.56,2940100
2018-11-30,87.79,88.73,87.21,88.57,66.29,4829300
2018-12-03,88.0,89.63,87.2,89.62,67.07,3904800
2018-12-04,89.76,90.7,89.63,90.05,67.39,5598100
2018-12-06,90.5,90.64,88.36,89.83,67.23,4758300
2018-12-07,89.95,90.55,89.22,89.99,67.35,4985100
2018-12-10,90.16,90.66,88.8,90.51,67.74,3904000
2018-12-11,90.5,90.98,89.74,90.79,67.95,4707000
2018-12-12,90.79,91.25,89.52,89.6,67.06,5225800
2018-12-13,89.78,91.25,89.78,90.9,68.03,4180900
2018-12-14,91.0,91.35,90.18,90.75,67.92,3651900
2018-12-17,91.0,91.3,87.64,88.09,65.93,5527300
2018-12-18,88.43,89.23,87.24,87.66,65.6,4224100
2018-12-19,87.85,88.32,86.73,87.23,65.28,4832800
2018-12-20,87.4,89.11,86.37,88.14,65.96,4622300
2018-12-21,87.86,90.25,87.51,87.67,65.61,6798600
2018-12-24,87.66,88.39,83.26,83.91,62.8,2752700
2018-12-26,84.0,85.27,82.77,85.25,63.8,2616900
2018-12-27,85.39,85.96,83.93,85.96,64.33,3081700
2018-12-28,86.12,87.18,85.77,86.12,64.45,2447500
2018-12-31,86.34,86.6,85.31,86.3,64.59,2240100
2019-01-02,86.11,86.19,84.3,84.7,63.39,2857400
2019-01-03,84.76,85.6,84.06,84.67,63.37,2959700
2019-01-04,84.16,85.45,84.06,85.37,63.89,3278100
2019-01-07,84.85,85.39,84.33,85.01,63.62,3060200
2019-01-08,85.04,86.17,84.5,86.08,64.42,2350500
2019-01-09,84.96,86.0,84.34,84.81,63.47,3264400
2019-01-10,85.05,85.59,84.63,85.27,63.82,3758000
2019-01-11,85.21,85.21,84.21,84.61,63.32,3082400
2019-01-14,84.32,84.32,82.46,83.66,62.61,3931000
2019-01-15,83.6,85.46,83.33,85.14,63.72,2722900
2019-01-16,84.72,85.38,84.34,85.27,63.82,2279100
2019-01-17,85.29,85.77,84.92,85.64,64.09,1895700
2019-01-18,85.94,86.02,85.21,85.6,64.06,2842600
2019-01-22,85.01,86.51,84.85,85.61,64.07,2693600
2019-01-23,85.49,86.15,85.29,86.13,64.46,2629400
2019-01-24,86.23,86.77,85.36,86.7,64.89,2504400
2019-01-25,86.34,86.99,85.63,85.85,64.25,2472900
2019-01-28,86.02,86.29,85.13,85.65,64.1,2079100
2019-01-29,85.95,86.16,85.28,85.63,64.08,3625500
2019-01-30,85.36,86.54,85.26,86.05,64.4,2215100
2019-01-31,86.09,88.48,85.52,87.78,65.69,6869400
2019-02-01,87.78,88.05,86.86,87.78,65.69,3207100
2019-02-04,87.16,87.83,86.48,87.82,65.72,3301800
2019-02-05,87.91,88.65,87.41,88.5,66.23,3464300
2019-02-06,88.45,88.79,87.81,88.46,66.2,2467400
2019-02-07,88.4,89.5,87.85,89.48,66.97,2844600
2019-02-08,89.42,90.58,89.3,90.3,67.58,3716600
2019-02-11,90.08,90.65,89.7,90.17,67.48,2428100
2019-02-12,90.3,90.74,89.65,90.23,67.53,2676900
2019-02-13,89.9,90.21,89.32,89.59,67.05,5281400
2019-02-14,88.53,88.61,87.25,87.82,66.41,3987400
2019-02-15,88.45,88.49,87.02,87.51,66.18,4472900
2019-02-19,87.64,88.14,87.24,87.94,66.5,4358600
2019-02-20,87.95,89.06,87.54,88.85,67.19,3471200
2019-02-21,88.32,89.66,88.27,89.59,67.75,3167800
2019-02-22,89.7,90.29,89.36,89.91,67.99,2538500
2019-02-25,89.91,89.95,88.92,89.48,67.67,2551000
2019-02-26,89.63,89.89,88.19,88.88,67.21,3234500
2019-02-27,88.73,89.43,88.47,89.28,67.52,2112500
2019-02-28,89.21,89.99,89.0,89.66,67.8,4137300
2019-03-01,89.6,89.91,88.93,89.53,67.7,5613700
2019-03-04,89.82,89.95,88.98,89.88,67.97,3104400
2019-03-05,89.66,89.94,89.43,89.53,67.7,3513400
2019-03-06,89.65,89.96,89.36,89.57,67.74,3121400
2019-03-07,89.96,90.65,89.29,89.58,67.74,3531000
2019-03-08,89.91,90.23,89.3,90.2,68.21,2443800
2019-03-11,90.26,90.47,89.88,90.36,68.33,3720200
2019-03-12,90.47,90.87,90.11,90.51,68.45,4583700
2019-03-13,90.39,90.79,90.32,90.56,68.48,4510500
2019-03-14,90.47,91.08,90.12,90.36,68.33,3600300
2019-03-15,90.45,91.03,90.24,90.65,68.55,7614200
2019-03-18,90.86,90.91,89.73,90.06,68.11,3977000
2019-03-19,90.08,90.23,88.66,89.12,67.39,4656600
2019-03-20,89.34,90.16,89.0,89.38,67.59,3838800
2019-03-21,89.4,90.24,89.21,89.91,67.99,4461100
2019-03-22,90.16,91.67,89.91,90.7,68.59,4174400
2019-03-25,90.9,91.13,90.45,90.77,68.64,3350900
2019-03-26,90.7,91.67,90.63,91.53,69.22,3342100
2019-03-27,91.59,91.63,90.23,90.48,68.42,3592200
2019-03-28,90.68,90.9,89.02,89.38,67.59,4565800
2019-03-29,89.23,90.09,88.81,90.0,68.06,5434800
2019-04-01,89.75,89.83,88.63,89.28,67.52,4555500
2019-04-02,89.6,89.6,88.65,89.13,67.4,3386400
2019-04-03,89.0,89.19,88.22,88.85,67.19,2998800
2019-04-04,89.03,89.53,87.93,89.35,67.57,4847600
2019-04-05,89.49,90.62,89.18,90.53,68.46,5433200
2019-04-08,90.5,90.62,89.65,90.11,68.14,3115500
2019-04-09,90.06,90.48,89.82,90.25,68.25,2475300
2019-04-10,90.49,91.08,89.7,89.94,68.01,3412300
2019-04-11,90.04,90.46,89.8,90.26,68.26,2424500
2019-04-12,89.7,90.47,89.21,90.45,68.4,3520900
2019-04-15,90.5,90.74,90.16,90.44,68.39,2808900
2019-04-16,90.14,90.65,88.86,89.09,67.37,3166400
2019-04-17,89.13,89.72,88.71,89.06,67.35,4518200
2019-04-18,89.32,89.65,88.94,89.14,67.41,2822400
2019-04-22,89.01,89.56,88.53,88.73,67.1,2615800
2019-04-23,88.82,89.31,88.29,89.01,67.31,2336800
2019-04-24,89.28,89.98,88.88,89.68,67.82,1942400
2019-04-25,89.42,90.66,89.27,90.45,68.4,2506600
2019-04-26,90.7,91.33,90.28,90.32,68.3,1921400
2019-04-29,89.91,90.29,89.32,89.58,67.74,2370800
2019-04-30,89.69,91.22,89.43,91.12,68.91,3242700
2019-05-01,90.68,91.06,90.1,90.41,68.37,2323400
2019-05-02,90.44,90.81,89.62,89.81,67.92,2656600
2019-05-03,90.17,90.45,89.82,90.16,68.18,2988600
2019-05-06,90.18,90.42,89.3,89.48,67.67,2659600
2019-05-07,89.5,89.64,88.83,89.26,67.5,2546200
2019-05-08,89.15,89.3,87.72,87.8,66.4,2832400
2019-05-09,88.68,88.68,86.67,86.83,65.66,3165000
2019-05-10,86.62,88.07,86.45,87.99,66.54,2965400
2019-05-13,87.7,88.16,86.8,88.05,66.59,4046600
2019-05-14,87.32,87.62,86.56,87.01,65.8,4955500
2019-05-15,87.21,87.56,86.77,86.79,65.63,3653200
2019-05-16,85.92,86.71,85.72,86.24,65.92,4151900
2019-05-17,85.7,87.44,85.68,87.2,66.66,4428300
2019-05-20,87.31,87.6,86.66,86.96,66.47,3100200
2019-05-21,87.19,88.03,86.87,87.08,66.56,2728300
2019-05-22,87.38,88.0,87.15,87.81,67.12,2225700
2019-05-23,88.12,88.99,87.94,88.9,67.96,3862000
2019-05-24,88.9,89.45,88.65,88.81,67.89,1987700
2019-05-28,88.81,88.85,86.93,87.12,66.59,3837700
2019-05-29,87.4,87.58,85.73,85.81,65.59,2319000
2019-05-30,85.89,86.28,85.34,85.53,65.38,2319200
2019-05-31,85.55,86.09,84.46,85.61,65.44,3182500
2019-06-03,86.04,86.14,85.26,86.02,65.75,3061800
2019-06-04,85.98,86.16,84.28,85.9,65.66,2498700
2019-06-05,86.16,87.67,85.51,87.22,66.67,2819200
2019-06-06,87.32,88.0,86.96,87.71,67.05,2985500
2019-06-07,87.96,88.6,86.95,87.04,66.53,3243300
2019-06-10,86.93,86.97,86.05,86.29,65.96,3028400
2019-06-11,86.04,86.49,85.07,85.64,65.46,2841300
2019-06-12,86.12,86.87,86.12,86.65,66.24,2893800
2019-06-13,86.95,87.44,86.32,86.77,66.33,3753100
2019-06-14,86.78,88.17,86.75,87.87,67.17,3237600
2019-06-17,88.08,88.59,87.52,87.95,67.23,2448600
2019-06-18,88.36,88.5,86.32,87.24,66.69,2532600
2019-06-19,86.9,88.12,86.68,87.65,67.0,2683200
2019-06-20,88.14,88.84,87.68,88.58,67.71,2428300
2019-06-21,88.64,89.6,87.97,89.53,68.44,6867500
2019-06-24,89.62,90.13,89.22,89.91,68.73,3305700
2019-06-25,89.91,90.68,89.78,90.12,68.89,3996800
2019-06-26,89.84,89.94,87.93,87.98,67.25,3437000
2019-06-27,88.07,88.72,87.77,88.55,67.69,2726700
2019-06-28,88.49,89.14,87.94,88.24,67.45,3875700
2019-07-01,88.01,88.24,87.24,88.01,67.27,2848000
2019-07-02,88.17,89.45,88.16,89.14,68.14,2039000
2019-07-03,89.2,90.6,89.2,90.1,68.87,1717600
2019-07-05,89.42,89.77,88.21,89.68,68.55,1744000
2019-07-08,89.9,90.06,89.06,89.66,68.54,2046900
2019-07-09,90.25,90.27,88.87,89.4,68.34,2598000
2019-07-10,89.8,90.14,89.3,89.63,68.51,2401700
2019-07-11,89.49,90.03,88.61,89.45,68.38,2379100
2019-07-12,89.59,89.59,88.44,88.7,67.8,2101400
2019-07-15,88.81,89.53,88.55,89.38,68.32,1847700
2019-07-16,89.11,89.53,88.37,89.03,68.05,1727100
2019-07-17,89.34,89.69,88.89,89.14,68.14,2102700
2019-07-18,89.21,89.85,88.66,89.79,68.64,1911700
2019-07-19,89.64,89.82,88.43,88.45,67.61,2408000
2019-07-22,88.6,88.69,87.84,88.15,67.38,2160300
2019-07-23,88.18,88.24,87.37,87.68,67.02,3141800
2019-07-24,87.95,87.98,86.8,87.18,66.64,2386500
2019-07-25,86.9,87.39,86.17,86.49,66.11,2680300
2019-07-26,86.5,87.08,86.27,86.91,66.43,2426000
2019-07-29,87.23,87.88,87.02,87.79,67.11,2442900
2019-07-30,87.61,88.18,86.91,87.74,67.07,2693400
2019-07-31,87.62,87.83,86.31,86.72,66.29,2824800
2019-08-01,86.8,88.02,86.38,87.5,66.88,3055000
2019-08-02,87.84,88.73,87.55,88.12,67.36,3228900
2019-08-05,88.48,88.85,86.53,86.96,66.47,3969200
2019-08-06,87.3,89.43,86.31,88.92,67.97,3943300
2019-08-07,88.91,89.5,87.84,88.84,67.91,2630100
2019-08-08,88.42,89.52,88.34,89.31,68.27,2252100
2019-08-09,89.49,90.18,89.28,89.75,68.6,2355200
2019-08-12,89.95,90.0,88.97,89.5,68.41,2302000
2019-08-13,89.64,90.03,88.8,89.82,68.66,2400900
2019-08-14,90.16,90.56,88.65,88.81,67.89,3584600
2019-08-15,87.69,89.58,87.57,89.28,68.98,2384800
2019-08-16,89.4,90.14,89.23,89.77,69.36,2285500
2019-08-19,89.7,91.12,89.36,90.67,70.05,2632000
2019-08-20,91.03,91.54,90.67,91.18,70.45,3611300
2019-08-21,90.47,91.29,90.09,91.24,70.49,2754400
2019-08-22,91.29,92.11,90.5,91.32,70.56,1945500
2019-08-23,91.45,91.67,90.26,90.74,70.11,3153900
2019-08-26,90.93,91.39,90.57,91.35,70.58,2037100
2019-08-27,91.77,92.84,91.66,92.15,71.2,3668000
2019-08-28,92.41,93.15,91.9,92.3,71.31,2639200
2019-08-29,92.76,92.8,91.53,92.76,71.67,2231400
2019-08-30,93.0,93.35,92.61,92.74,71.65,2157900
2019-09-03,92.5,93.72,92.33,93.67,72.37,2620200
2019-09-04,93.9,94.18,93.23,93.97,72.6,2102600
2019-09-05,93.5,93.85,92.81,93.41,72.17,2721200
2019-09-06,93.63,94.29,93.37,93.76,72.44,2578000
2019-09-09,93.56,93.84,93.08,93.72,72.41,2935100
2019-09-10,93.26,94.54,93.24,93.94,72.58,3179600
2019-09-11,93.55,94.54,93.25,94.49,73.0,2756500
2019-09-12,95.16,95.7,94.67,94.96,73.37,2339400
2019-09-13,94.49,95.0,93.66,93.9,72.55,3322200
2019-09-16,93.83,93.98,92.74,93.12,71.95,2934600
2019-09-17,93.33,94.2,93.16,93.87,72.53,2615600
2019-09-18,94.29,94.68,93.52,94.26,72.83,3066500
2019-09-19,94.55,94.56,93.76,94.49,73.0,2049900
2019-09-20,95.21,95.44,94.24,95.27,73.61,5069100
2019-09-23,95.29,95.72,95.08,95.4,73.71,2089100
2019-09-24,95.66,96.8,95.55,96.28,74.39,3166100
2019-09-25,96.18,96.63,95.74,96.0,74.17,2383600
2019-09-26,96.01,96.61,95.88,96.2,74.33,1986100
2019-09-27,96.29,96.46,95.67,96.26,74.37,1960700
2019-09-30,96.25,96.49,95.59,95.86,74.06,2501700
2019-10-01,95.57,96.2,95.25,96.19,74.32,2009200
2019-10-02,96.21,96.35,94.61,94.71,73.17,3044000
2019-10-03,95.0,95.61,94.76,95.1,73.48,3015800
2019-10-04,95.46,97.37,95.31,97.17,75.08,3129600
2019-10-07,96.75,97.25,96.4,96.92,74.88,2311700
2019-10-08,96.96,97.06,95.99,96.09,74.24,2470800
2019-10-09,96.28,96.56,95.97,96.03,74.19,2608800
2019-10-10,95.87,96.46,95.51,96.29,74.4,2382200
2019-10-11,96.29,96.6,95.45,95.97,74.15,2320000
2019-10-14,96.16,96.16,94.84,95.13,73.5,2483600
2019-10-15,95.14,95.47,94.66,95.0,73.4,1904600
2019-10-16,94.73,95.15,94.41,95.13,73.5,2617100
2019-10-17,95.11,95.61,94.94,95.17,73.53,2051700
2019-10-18,94.95,95.59,94.5,95.35,73.67,3041900
2019-10-21,95.16,95.4,94.66,95.33,73.65,1550200
2019-10-22,95.5,95.61,95.08,95.32,73.65,1743700
2019-10-23,95.53,96.18,95.27,96.17,74.3,2199800
2019-10-24,96.05,96.5,95.96,96.07,74.23,1763400
2019-10-25,96.27,96.36,94.99,95.43,73.73,1818100
2019-10-28,95.03,95.25,93.88,94.1,72.7,2761600
2019-10-29,93.79,93.94,93.33,93.53,72.26,2675100
2019-10-30,93.65,94.37,93.43,94.01,72.63,1831300
2019-10-31,93.9,94.44,93.58,94.26,72.83,2454100
2019-11-01,94.3,94.55,93.78,94.38,72.92,2647200
2019-11-04,94.34,94.42,93.06,93.64,72.35,3105900
2019-11-05,93.04,93.58,92.4,93.15,71.97,2626800
2019-11-06,93.2,93.69,93.05,93.36,72.13,2186900
2019-11-07,93.0,93.3,91.75,92.58,71.53,4125000
2019-11-08,91.7,91.78,89.22,89.95,69.5,6146200
2019-11-11,89.98,90.0,87.47,87.6,67.68,4871000
2019-11-12,87.8,88.11,87.23,87.59,67.67,3843000
2019-11-13,88.0,88.69,87.31,88.53,68.4,5441900
2019-11-14,87.7,88.82,87.52,88.25,68.92,3905700
2019-11-15,88.64,88.72,88.09,88.58,69.18,3567000
2019-11-18,88.9,89.72,88.42,88.65,69.23,4274200
2019-11-19,87.04,87.46,86.52,87.03,67.97,16085000
2019-11-20,86.98,87.61,86.52,87.13,68.04,6414900
2019-11-21,87.54,87.56,86.43,86.66,67.68,7570900
2019-11-22,87.25,87.34,86.36,87.14,68.05,5763100
2019-11-25,87.2,87.67,86.73,87.6,68.41,6254300
2019-11-26,87.48,88.42,87.45,88.2,68.88,6569900
2019-11-27,88.13,88.78,88.02,88.56,69.16,3229500
2019-11-29,88.8,88.93,87.83,88.17,68.86,1325600
2019-12-02,87.87,88.17,87.25,87.29,68.17,4202000
2019-12-03,87.5,87.94,87.15,87.86,68.61,3954400
2019-12-04,87.85,89.12,87.85,88.95,69.47,3503600
2019-12-05,88.86,89.34,88.6,89.29,69.73,3055400
2019-12-06,89.21,89.94,89.01,89.76,70.1,2964700
2019-12-09,89.83,89.86,89.2,89.28,69.72,3798500
2019-12-10,89.25,89.45,88.83,89.05,69.54,3208900
2019-12-11,89.18,89.36,88.67,89.0,69.51,4994400
2019-12-12,88.98,89.79,88.9,89.56,69.94,5842000
2019-12-13,89.32,90.43,89.17,90.1,70.36,5092800
2019-12-16,90.75,90.79,89.45,90.49,70.67,4597500
2019-12-17,90.4,91.5,90.12,90.55,70.72,2969500
2019-12-18,90.7,90.9,90.26,90.61,70.76,4003000
2019-12-19,90.53,90.75,89.4,89.95,70.25,4867400
2019-12-20,90.22,90.91,89.75,90.62,70.77,6715300
2019-12-23,90.62,90.88,89.61,90.15,70.4,5060700
2019-12-24,90.11,90.51,89.73,90.23,70.47,804500
2019-12-26,90.0,90.53,89.95,90.39,70.59,2314000
2019-12-27,90.46,90.99,90.22,90.97,71.04,2596200
2019-12-30,90.6,91.04,90.46,90.79,70.9,2237700
2019-12-31,90.89,91.24,90.62,91.21,71.23,2540700
2020-01-02,91.28,91.78,90.03,90.34,70.55,3921800
2020-01-03,90.23,91.07,90.15,90.4,70.6,2825400
2020-01-06,90.4,91.04,90.3,90.84,70.94,2410300
2020-01-07,90.89,90.89,89.84,90.27,70.5,3980900
2020-01-08,90.46,90.87,89.96,90.4,70.6,2583300
2020-01-09,90.28,90.78,90.08,90.62,70.77,2377200
2020-01-10,90.88,91.23,90.37,90.44,70.63,3225000
2020-01-13,90.5,91.55,90.5,91.24,71.25,2979000
2020-01-14,91.16,91.44,90.5,91.3,71.3,3009800
2020-01-15,91.54,92.58,91.36,92.49,72.23,2357300
2020-01-16,92.77,93.42,92.67,93.18,72.77,3244200
2020-01-17,93.14,93.92,92.98,93.72,73.19,3053500
2020-01-21,94.0,94.86,93.54,94.79,74.03,3429000
2020-01-22,95.0,95.6,94.87,95.31,74.43,3638500
2020-01-23,95.28,96.16,95.22,96.08,75.03,3824900
2020-01-24,95.93,96.61,95.81,96.28,75.19,2218600
2020-01-27,96.13,96.66,95.72,96.1,75.05,2481100
2020-01-28,96.3,97.09,96.03,96.21,75.14,3696500
2020-01-29,96.35,97.09,96.16,96.75,75.56,2335700
2020-01-30,96.52,97.55,96.41,97.47,76.12,3273100
2020-01-31,97.37,98.05,96.97,97.63,76.24,3175200
2020-02-03,97.63,97.88,97.31,97.67,76.28,2666200
2020-02-04,97.55,98.02,96.55,96.6,75.44,2802600
2020-02-05,96.42,97.36,96.3,97.14,75.86,2319300
2020-02-06,97.01,97.39,96.81,96.93,75.7,1611100
2020-02-07,97.25,97.29,96.19,96.27,75.18,2747900
2020-02-10,96.36,96.41,95.71,96.23,75.15,2647800
2020-02-11,96.37,97.24,96.29,96.99,75.74,2993100
2020-02-12,96.98,98.24,96.93,97.92,76.47,4377700
2020-02-13,97.81,100.39,97.56,100.11,78.94,5132500
2020-02-14,100.16,101.77,100.09,101.28,79.87,6300400
2020-02-18,101.65,102.44,101.53,102.02,80.45,6256900
2020-02-19,102.22,102.38,101.37,101.42,79.98,2809100
2020-02-20,101.17,101.84,101.01,101.43,79.98,2711000
2020-02-21,101.33,102.99,101.3,102.43,80.77,3520000
2020-02-24,102.08,103.79,101.72,102.3,80.67,5282900
2020-02-25,102.51,102.68,99.02,99.27,78.28,4093000
2020-02-26,99.29,100.49,98.82,98.94,78.02,3152200
2020-02-27,98.09,99.3,94.96,94.99,74.91,4784000
2020-02-28,93.3,93.3,89.39,91.7,72.31,7908900
2020-03-02,91.65,96.94,91.54,96.67,76.23,6803600
2020-03-03,96.56,98.71,94.81,95.61,75.39,5060500
2020-03-04,96.69,101.69,96.59,101.65,80.16,4284200
2020-03-05,100.37,101.49,99.0,100.13,78.96,4327400
2020-03-06,97.45,99.5,95.58,99.05,78.11,5522600
2020-03-09,94.5,96.7,92.85,94.58,74.58,5616000
2020-03-10,95.64,96.62,91.41,95.05,74.95,6386600
2020-03-11,92.89,93.17,89.79,90.94,71.71,6268200
2020-03-12,85.51,86.36,76.0,80.48,63.46,7684400
2020-03-13,85.01,85.86,80.0,85.77,67.64,6156000
2020-03-16,79.3,84.65,76.0,76.58,60.39,7118500
2020-03-17,78.58,86.55,78.15,86.0,67.82,6712800
2020-03-18,81.01,82.98,77.17,79.28,62.52,6426500
2020-03-19,79.12,79.17,74.0,75.05,59.18,6361700
2020-03-20,75.85,76.0,68.1,68.4,53.94,8975700
2020-03-23,66.39,67.93,62.13,64.15,50.59,7060100
2020-03-24,67.01,71.91,66.13,71.5,56.38,6516900
2020-03-25,71.19,78.55,70.19,74.71,58.91,6573700
2020-03-26,75.18,81.93,75.01,81.19,64.02,6163700
2020-03-27,78.03,83.69,77.95,80.19,63.24,5091300
2020-03-30,81.35,83.94,80.57,83.46,65.81,5300800
2020-03-31,82.37,83.96,80.51,80.88,63.78,5115500
2020-04-01,77.92,79.75,76.36,77.57,61.17,4600700
2020-04-02,76.43,79.96,76.24,79.39,62.6,3665500
2020-04-03,78.33,79.34,75.58,76.02,59.95,2907200
2020-04-06,78.62,81.98,78.41,81.25,64.07,3960100
2020-04-07,83.5,83.69,80.0,80.11,63.17,3522900
2020-04-08,80.5,86.58,80.03,85.5,67.42,6729500
2020-04-09,86.5,93.0,86.32,90.31,71.22,6536800
2020-04-13,89.59,90.03,86.43,87.36,68.89,3800500
2020-04-14,89.34,90.88,88.21,90.42,71.3,3812800
2020-04-15,88.5,89.45,87.1,87.54,69.03,3694300
2020-04-16,88.0,88.59,87.03,87.59,69.07,2335100
2020-04-17,89.32,90.59,87.57,90.1,71.05,4299100
2020-04-20,89.06,89.48,86.58,86.65,68.33,3144000
2020-04-21,85.24,86.45,84.38,85.44,67.38,3682900
2020-04-22,86.75,88.4,86.48,87.15,68.72,3089900
2020-04-23,87.48,88.18,84.9,85.12,67.12,3298100
2020-04-24,85.47,86.17,83.7,85.69,67.57,3723900
2020-04-27,86.28,87.68,86.17,86.75,68.41,2593100
2020-04-28,88.12,89.14,87.33,87.63,69.1,3135500
2020-04-29,88.54,88.75,86.45,86.63,68.31,2997600
2020-04-30,86.0,86.41,84.18,84.66,66.76,3536500
2020-05-01,83.86,83.95,82.09,82.64,65.17,3036700
2020-05-04,82.73,82.95,81.28,82.63,65.16,2947400
2020-05-05,82.83,83.89,82.81,83.14,65.56,2781000
2020-05-06,83.18,83.37,80.04,80.07,63.14,3581900
2020-05-07,80.89,81.45,80.04,80.31,63.33,3426400
2020-05-08,81.49,82.07,80.5,81.78,64.49,2875200
2020-05-11,81.45,82.27,80.33,81.66,64.39,3924200
2020-05-12,82.49,83.66,81.88,81.88,64.57,3524700
2020-05-13,81.55,82.1,80.62,81.89,64.58,3998300
2020-05-14,80.0,82.39,79.72,82.3,65.66,3649300
2020-05-15,81.48,81.79,80.17,81.19,64.77,5250700
2020-05-18,82.69,85.44,82.58,84.92,67.75,6747800
2020-05-19,84.38,84.38,83.25,83.29,66.45,3020800
2020-05-20,83.95,84.09,83.14,83.31,66.46,2710900
2020-05-21,83.06,83.77,82.01,82.34,65.69,3108000
2020-05-22,82.19,83.32,81.89,83.23,66.4,2760600
2020-05-26,84.46,84.67,82.69,82.81,66.06,3910200
2020-05-27,84.12,84.2,82.69,83.72,66.79,3606600
2020-05-28,84.85,86.1,84.68,85.83,68.47,3957600
2020-05-29,85.54,86.37,84.67,85.63,68.31,4017500
2020-06-01,85.84,87.58,85.23,87.44,69.76,2438800
2020-06-02,87.82,88.1,86.6,87.67,69.94,3446800
2020-06-03,88.33,89.65,88.0,89.23,71.19,2449600
2020-06-04,88.8,89.38,87.48,88.44,70.56,3640800
2020-06-05,89.4,91.56,89.15,89.49,71.39,3353300
2020-06-08,89.46,92.2,89.11,91.91,73.32,2771000
2020-06-09,91.0,91.07,88.93,90.32,72.05,3023400
2020-06-10,90.41,90.95,89.5,90.19,71.95,2721400
2020-06-11,88.8,89.05,86.34,87.08,69.47,4974100
2020-06-12,88.93,88.99,85.73,86.74,69.2,3935700
2020-06-15,85.04,87.42,84.3,86.96,69.37,4501000
2020-06-16,89.0,89.48,86.41,86.95,69.37,3865100
2020-06-17,87.0,87.36,85.48,86.21,68.78,4181800
2020-06-18,85.66,86.38,85.0,85.77,68.42,3480100
2020-06-19,86.74,86.93,82.11,82.11,65.51,8089900
2020-06-22,82.32,83.55,81.31,82.53,65.84,3878700
2020-06-23,83.24,83.5,81.49,81.85,65.3,3771600
2020-06-24,81.08,81.34,79.82,80.47,64.2,3675900
2020-06-25,80.11,80.23,78.79,79.45,63.38,3984800
2020-06-26,79.35,79.92,77.58,78.93,62.97,5321500
2020-06-29,79.57,80.25,78.52,80.25,64.02,2953700
2020-06-30,80.09,80.48,78.93,79.89,63.73,4890000
2020-07-01,79.97,82.38,79.76,81.93,65.36,2835800
2020-07-02,82.64,82.92,81.44,81.84,65.29,2819700
2020-07-06,80.5,81.86,79.12,79.81,63.67,5997800
2020-07-07,79.2,81.18,79.15,80.82,64.48,4129600
2020-07-08,80.86,81.95,80.33,81.44,64.97,3434200
2020-07-09,81.33,81.33,79.11,79.74,63.61,3457400
2020-07-10,79.79,81.58,79.76,81.32,64.87,2545700
2020-07-13,81.15,81.97,80.96,81.42,64.95,2205100
2020-07-14,81.42,82.47,81.39,81.69,65.17,4218200
2020-07-15,82.48,82.64,80.32,80.43,64.16,4501700
2020-07-16,80.7,81.34,80.43,81.07,64.68,2874300
2020-07-17,81.69,82.63,81.46,82.4,65.74,4603000
2020-07-20,82.05,82.23,80.95,81.1,64.7,3271400
2020-07-21,81.5,82.79,81.1,82.33,65.68,3892800
2020-07-22,82.0,84.51,81.52,84.15,67.13,3763300
2020-07-23,84.06,84.39,83.48,83.99,67.0,2373100
2020-07-24,84.35,84.9,82.62,82.79,66.05,2953100
2020-07-27,82.5,82.64,81.09,81.29,64.85,4198700
2020-07-28,81.25,84.98,81.21,84.6,67.49,4851400
2020-07-29,84.53,85.05,83.84,84.97,67.79,2501600
2020-07-30,84.31,84.58,83.49,84.57,67.47,2828600
2020-07-31,84.05,84.81,83.6,84.74,67.6,3292100
2020-08-03,84.67,84.75,83.11,83.81,66.86,2552200
2020-08-04,83.5,84.97,83.34,84.69,67.56,3234500
2020-08-05,84.72,84.86,83.28,83.51,66.62,2861400
2020-08-06,83.27,84.39,82.67,84.21,67.18,3036300
2020-08-07,83.79,86.69,83.68,86.61,69.1,4289500
2020-08-10,87.19,87.21,84.53,84.76,67.62,4323300
2020-08-11,84.99,85.09,83.47,83.67,66.75,4546200
2020-08-12,84.02,84.78,83.83,84.32,67.27,3397100
2020-08-13,83.03,83.23,82.0,82.74,66.77,3219200
2020-08-14,82.66,82.9,81.93,82.15,66.3,2016100
2020-08-17,82.29,83.11,81.66,82.6,66.66,3849500
2020-08-18,82.57,82.77,81.5,81.66,65.9,2606900
2020-08-19,81.88,82.19,81.46,81.66,65.9,2623100
2020-08-20,81.26,81.61,80.56,81.04,65.4,2715200
2020-08-21,81.2,81.33,80.28,81.0,65.37,3911100
2020-08-24,81.38,81.66,80.5,81.47,65.75,2679100
2020-08-25,81.5,81.5,80.43,80.85,65.25,2769200
2020-08-26,80.42,80.62,79.31,79.55,64.2,3367900
2020-08-27,79.68,80.37,79.22,79.55,64.2,2932800
2020-08-28,79.92,79.99,78.95,79.71,64.33,3190500
2020-08-31,79.7,81.53,79.61,80.34,64.84,3569300
2020-09-01,79.84,80.18,78.97,79.21,63.92,3194100
2020-09-02,79.24,81.9,78.98,81.47,65.75,3626200
2020-09-03,81.82,82.7,80.34,81.14,65.48,3134800
2020-09-04,81.22,81.82,79.93,80.97,65.34,2820200
2020-09-08,81.06,81.24,79.38,80.73,65.15,3252000
2020-09-09,82.42,83.89,81.85,82.59,66.65,4411100
2020-09-10,82.22,82.73,81.41,82.0,66.17,3591200
2020-09-11,82.07,83.41,81.75,83.03,67.01,3196800
2020-09-14,83.58,84.94,83.58,84.38,68.1,3438100
2020-09-15,84.94,85.87,83.93,84.45,68.15,2582500
2020-09-16,85.0,85.48,84.57,84.84,68.47,2904600
2020-09-17,84.25,84.78,83.64,84.6,68.27,3355800
2020-09-18,84.2,84.74,82.9,82.95,66.94,5035900
2020-09-21,82.05,82.57,81.17,82.57,66.63,3001600
2020-09-22,82.41,84.01,82.26,82.69,66.73,2703700
2020-09-23,82.9,83.13,81.23,81.28,65.59,2322700
2020-09-24,81.23,82.41,80.41,81.67,65.91,2582300
2020-09-25,81.28,82.59,80.95,82.47,66.55,3854600
2020-09-28,82.97,84.08,82.66,82.87,66.88,2424600
2020-09-29,83.07,83.4,82.04,82.41,66.51,2126100
2020-09-30,88.0,89.49,86.43,88.56,71.47,18804900
2020-10-01,88.03,90.36,87.6,90.05,72.67,6249600
2020-10-02,89.22,92.15,88.69,91.58,73.91,5925200
2020-10-05,90.98,92.15,89.9,91.74,74.03,3038400
2020-10-06,91.72,92.07,90.46,90.77,73.25,2993500
2020-10-07,91.61,92.13,90.7,91.3,73.68,2480000
2020-10-08,91.49,93.43,90.9,93.15,75.17,3253300
2020-10-09,93.14,93.92,92.04,93.3,75.29,3686800
2020-10-12,93.19,93.85,92.59,93.11,75.14,3131600
2020-10-13,92.64,93.26,91.3,92.92,74.99,2544400
2020-10-14,92.84,93.5,92.01,92.67,74.79,2420700
2020-10-15,91.07,92.82,90.75,91.96,74.21,2170600
2020-10-16,92.18,93.06,91.73,92.37,74.54,2811200
2020-10-19,92.12,92.87,91.75,92.07,74.3,2284000
2020-10-20,92.11,92.8,91.8,92.06,74.29,2243100
2020-10-21,91.96,92.98,91.56,92.51,74.66,2233300
2020-10-22,92.59,93.91,92.06,93.89,75.77,4162200
2020-10-23,94.0,94.37,90.97,92.78,74.87,4532000
2020-10-26,91.94,93.5,91.47,93.18,75.2,2711800
2020-10-27,93.32,93.94,92.62,93.06,75.1,2275900
2020-10-28,91.79,93.09,90.83,90.98,73.42,3658800
2020-10-29,90.72,93.19,89.62,92.24,74.44,3424900
2020-10-30,91.66,93.0,91.23,92.11,74.33,3304800
2020-11-02,92.93,94.2,92.25,93.82,75.71,2929900
2020-11-03,94.86,96.56,94.43,95.52,77.09,3512400
2020-11-04,95.07,96.73,93.55,93.55,75.5,2883700
2020-11-05,94.82,96.96,93.97,94.22,76.04,2531900
2020-11-06,94.5,95.53,93.34,93.44,75.41,2380500
2020-11-09,96.81,98.88,95.11,95.4,76.99,4148100
2020-11-10,95.72,97.27,94.3,97.14,78.39,3146100
2020-11-11,97.68,98.66,97.04,97.31,78.53,2704500
2020-11-12,95.5,95.91,93.6,94.25,76.82,3119000
2020-11-13,94.71,95.36,94.6,94.98,77.42,1887300
2020-11-16,96.05,96.05,94.47,95.01,77.44,2842900
2020-11-17,94.3,95.0,92.83,92.92,75.74,3178500
2020-11-18,93.59,93.96,91.46,91.53,74.61,2948800
2020-11-19,91.34,91.76,90.01,91.7,74.74,3368600
2020-11-20,91.7,92.68,91.38,92.58,75.46,4213800
2020-11-23,92.52,93.43,92.01,93.33,76.07,3795700
2020-11-24,94.47,96.33,93.9,96.26,78.46,4350900
2020-11-25,95.95,96.24,94.84,96.15,78.37,1959300
2020-11-27,96.15,96.15,94.1,94.6,77.11,1293800
2020-11-30,94.13,94.25,91.94,92.66,75.53,5012200
2020-12-01,93.56,94.64,93.17,93.26,76.02,2947300
2020-12-02,93.1,93.91,91.91,93.87,76.51,2173900
2020-12-03,93.48,93.7,92.1,92.35,75.27,2286100
2020-12-04,92.2,92.67,90.14,91.15,74.3,3172200
2020-12-07,90.7,92.31,90.55,91.87,74.88,2030700
2020-12-08,91.33,92.02,90.4,91.51,74.59,2409300
2020-12-09,91.49,91.74,90.29,91.39,74.49,2998200
2020-12-10,91.69,92.07,90.83,91.76,74.79,3628500
2020-12-11,91.25,91.89,90.9,91.54,74.61,3225100
2020-12-14,92.38,94.08,91.1,91.13,74.28,3684200
2020-12-15,91.26,92.84,90.9,92.11,75.08,4059600
2020-12-16,92.39,92.98,90.6,90.61,73.86,4057900
2020-12-17,91.31,91.83,91.0,91.52,74.6,4309900
2020-12-18,91.45,91.6,90.24,90.32,73.62,7342800
2020-12-21,89.81,90.0,88.18,89.1,72.62,4682100
2020-12-22,89.09,89.57,88.6,89.53,72.98,2831600
2020-12-23,89.98,90.75,89.02,89.04,72.58,1956500
2020-12-24,89.22,89.72,88.8,89.67,73.09,733500
2020-12-28,90.16,90.66,89.73,90.25,73.56,1473400
2020-12-29,90.53,91.04,89.68,89.86,73.24,2044400
2020-12-30,89.92,91.08,89.92,90.56,73.81,1838700
2020-12-31,90.61,91.64,90.27,91.56,74.63,1638800
2021-01-04,91.78,92.13,89.2,89.71,73.12,2683700
2021-01-05,89.79,90.19,89.04,89.75,73.15,2547400
2021-01-06,89.95,91.77,89.87,90.91,74.1,2823000
2021-01-07,91.15,91.46,89.74,89.89,73.27,2989500
2021-01-08,89.95,90.4,89.42,90.05,73.4,2752100
2021-01-11,89.64,90.42,88.53,89.29,72.78,2193700
2021-01-12,89.14,89.56,87.62,88.93,72.49,2860700
2021-01-13,88.98,92.37,88.95,91.56,74.63,3592500
2021-01-14,91.56,91.96,90.33,91.66,74.71,3097300
2021-01-15,90.91,92.38,90.6,92.11,75.08,2914600
2021-01-19,92.59,92.95,90.35,90.38,73.67,2486200
2021-01-20,90.3,91.21,89.5,90.78,73.99,2331300
2021-01-21,90.5,90.77,89.8,90.18,73.5,2254700
2021-01-22,89.82,90.67,89.46,90.29,73.59,1917500
2021-01-25,90.01,93.07,89.79,92.91,75.73,3469200
2021-01-26,92.79,93.45,91.86,92.92,75.74,2261500
2021-01-27,92.35,94.16,91.33,91.71,74.75,3002300
2021-01-28,92.16,93.7,91.45,91.48,74.56,2001000
2021-01-29,92.01,94.58,91.05,94.0,76.62,4967400
2021-02-01,94.05,94.4,92.89,93.16,75.93,2570900
2021-02-02,93.09,94.95,92.69,93.1,75.89,2240700
2021-02-03,92.74,93.61,92.52,93.39,76.12,2577200
2021-02-04,93.67,94.47,93.31,94.35,76.9,2375800
2021-02-05,94.47,95.45,94.03,94.74,77.22,2465900
2021-02-08,94.61,94.68,93.02,93.6,76.29,2087100
2021-02-09,93.61,94.06,92.79,93.32,76.06,1932900
2021-02-10,93.77,94.19,92.81,93.7,76.37,2356700
2021-02-11,92.7,92.82,90.35,90.42,74.47,3633400
2021-02-12,89.92,90.39,89.15,89.82,73.97,2742400
2021-02-16,89.64,90.2,88.03,88.38,72.79,2931600
2021-02-17,88.57,89.57,87.89,89.2,73.46,3772600
2021-02-18,89.21,90.47,89.1,89.53,73.73,3658400
2021-02-19,89.44,89.44,88.22,88.43,72.83,3537300
2021-02-22,88.14,88.64,87.08,88.35,72.76,2981400
2021-02-23,89.39,90.04,88.27,89.04,73.33,2640200
2021-02-24,88.94,88.99,87.33,87.34,71.93,2886400
2021-02-25,87.25,88.76,86.7,87.12,71.75,3423000
2021-02-26,87.34,88.64,85.56,85.59,70.49,3877300
2021-03-01,86.0,88.04,86.0,87.04,71.68,2828000
2021-03-02,87.06,87.87,86.45,87.24,71.85,2427600
2021-03-03,86.89,87.46,85.8,87.27,71.87,2724700
2021-03-04,87.3,88.77,86.01,86.46,71.21,4197300
2021-03-05,86.75,89.0,86.18,88.53,72.91,3788000
2021-03-08,89.0,91.23,88.56,90.22,74.3,3740800
2021-03-09,90.22,91.47,89.79,90.95,74.9,3228200
2021-03-10,90.95,91.7,90.6,90.79,74.77,4227800
2021-03-11,90.67,92.3,90.28,90.69,74.69,3565200
2021-03-12,91.01,91.95,90.69,91.4,75.27,3462300
2021-03-15,91.88,92.55,91.53,92.33,76.04,4261000
2021-03-16,92.19,93.38,91.81,93.02,76.61,3140100
2021-03-17,92.96,93.31,91.48,91.85,75.65,4138400
2021-03-18,91.82,92.66,91.29,92.33,76.04,3471800
2021-03-19,92.47,93.35,91.6,92.72,76.36,11280800
2021-03-22,92.72,93.24,92.1,93.12,76.69,4107800
2021-03-23,92.99,94.59,92.65,94.02,77.43,3852900
2021-03-24,93.53,95.13,93.4,94.39,77.74,3024300
2021-03-25,94.97,95.9,94.4,95.53,78.68,2622900
2021-03-26,95.33,95.95,94.8,95.83,78.92,6036000
2021-03-29,95.79,97.92,95.32,97.58,80.36,4941200
2021-03-30,97.59,97.64,95.56,96.24,79.26,3275100
2021-03-31,95.91,96.79,95.84,96.53,79.5,3480700
2021-04-01,96.43,96.53,95.34,96.28,79.29,2876100
2021-04-05,96.35,97.66,96.17,96.93,79.83,2839800
2021-04-06,96.76,97.6,96.07,97.57,80.36,3634300
2021-04-07,97.7,98.05,97.35,97.82,80.56,2549200
2021-04-08,97.93,98.15,97.37,97.62,80.4,4922400
2021-04-09,98.0,98.74,97.44,97.54,80.33,2028700
2021-04-12,97.14,98.11,97.07,97.64,80.41,3784600
2021-04-13,97.12,98.85,96.81,98.5,81.12,3661300
2021-04-14,98.29,98.89,98.03,98.79,81.36,3604100
2021-04-15,98.84,99.89,98.74,99.75,82.15,3271600
2021-04-16,99.85,101.13,99.75,100.67,82.91,3820900
2021-04-19,100.68,100.75,99.66,100.2,82.52,3491600
2021-04-20,100.25,101.83,100.06,101.41,83.52,3171600
2021-04-21,101.37,101.65,100.57,101.09,83.26,3741900
2021-04-22,101.21,101.21,100.04,100.08,82.42,3866800
2021-04-23,100.09,100.46,99.44,99.85,82.23,2849400
2021-04-26,99.94,99.94,99.01,99.2,81.7,2749800
2021-04-27,98.96,99.15,98.34,98.61,81.21,3441300
2021-04-28,98.89,99.16,98.07,98.57,81.18,2514600
2021-04-29,98.68,99.63,98.58,99.55,81.99,2172000
2021-04-30,99.86,100.71,99.27,100.69,82.93,2574800
2021-05-03,100.82,101.9,100.38,100.71,82.94,3572100
2021-05-04,100.71,101.08,100.11,100.78,83.0,3096400
2021-05-05,100.5,100.66,98.65,99.36,81.83,3582200
2021-05-06,99.76,100.74,99.35,100.54,82.8,2051600
2021-05-07,100.39,101.43,100.19,100.86,83.07,4544800
2021-05-10,101.28,108.0,101.06,103.74,85.44,8173900
2021-05-11,104.18,104.6,102.72,103.63,85.35,4487600
2021-05-12,103.56,103.71,101.15,101.22,83.36,4477600
2021-05-13,100.4,103.59,100.25,103.0,85.64,3318200
2021-05-14,103.31,103.83,102.62,103.06,85.69,2409600
2021-05-17,103.17,108.0,102.38,102.45,85.19,5583000
2021-05-18,102.2,103.11,101.96,102.49,85.22,4857100
2021-05-19,102.2,102.36,100.12,101.16,84.11,4371600
2021-05-20,101.31,102.78,101.19,102.27,85.04,3110200
2021-05-21,102.53,103.07,101.92,102.86,85.53,4136400
2021-05-24,103.09,103.51,102.16,102.31,85.07,2726500
2021-05-25,102.12,102.26,100.8,101.31,84.24,3015000
2021-05-26,101.3,101.61,100.78,101.11,84.07,2607800
2021-05-27,101.31,101.36,99.9,100.01,83.16,4251100
2021-05-28,100.37,100.77,99.99,100.22,83.33,2271200
2021-06-01,100.54,100.75,99.58,100.08,83.22,2816100
2021-06-02,100.41,101.27,99.72,100.68,83.72,1889900
2021-06-03,100.24,102.02,100.18,101.67,84.54,3401900
2021-06-04,101.97,102.09,101.39,101.48,84.38,2771400
2021-06-07,101.55,102.21,101.45,101.86,84.7,3335100
2021-06-08,102.14,102.14,100.44,100.59,83.64,3147900
2021-06-09,100.62,101.47,100.43,101.39,84.31,1584800
2021-06-10,101.38,101.86,101.15,101.71,84.57,1783900
2021-06-11,101.53,102.06,101.14,101.93,84.75,1909000
2021-06-14,101.93,102.55,101.76,102.53,85.25,2003300
2021-06-15,102.6,103.51,102.22,103.22,85.83,2738600
2021-06-16,103.72,103.9,101.73,101.81,84.66,3865400
2021-06-17,101.82,103.17,101.49,102.42,85.16,3998700
2021-06-18,102.07,102.25,99.51,99.61,82.83,5190400
2021-06-21,100.09,101.56,99.76,101.31,84.24,3566100
2021-06-22,100.84,101.47,100.28,100.4,83.48,2562000
2021-06-23,100.15,100.92,99.08,99.23,82.51,3997300
2021-06-24,99.23,99.46,98.7,99.07,82.38,2448600
2021-06-25,99.36,99.83,98.95,99.72,82.92,3236200
2021-06-28,100.0,100.73,99.64,100.01,83.16,3192800
2021-06-29,99.76,100.24,97.68,98.12,81.59,2669200
2021-06-30,98.17,98.95,97.68,98.72,82.09,2493300
2021-07-01,98.96,99.87,98.35,99.55,82.78,2406900
2021-07-02,99.74,99.74,99.18,99.51,82.74,1779300
2021-07-06,99.59,99.89,98.4,99.83,83.01,3258100
2021-07-07,99.95,100.56,99.18,100.37,83.46,2044400
2021-07-08,100.03,101.0,99.85,100.56,83.62,2386200
2021-07-09,100.95,101.04,99.9,100.66,83.7,2676300
2021-07-12,100.22,101.64,99.86,101.53,84.42,2509100
2021-07-13,101.46,101.85,100.97,101.53,84.42,2774400
2021-07-14,101.5,103.04,100.57,102.7,85.4,2692900
2021-07-15,102.54,104.0,102.54,103.94,86.43,2869100
2021-07-16,104.1,105.38,103.81,104.76,87.11,2758800
2021-07-19,104.41,105.46,102.74,103.89,86.38,5548800
2021-07-20,104.08,105.42,103.43,103.74,86.26,2411400
2021-07-21,103.92,104.1,103.12,103.16,85.78,2078100
2021-07-22,103.17,103.97,102.76,102.92,85.58,2948600
2021-07-23,103.06,104.59,103.06,104.47,86.87,1896100
2021-07-26,104.6,105.05,103.95,104.58,86.96,3170100
2021-07-27,104.37,106.68,104.05,106.36,88.44,2036000
2021-07-28,106.26,106.4,104.75,105.65,87.85,2144700
2021-07-29,105.91,106.06,104.97,105.68,87.87,1477900
2021-07-30,105.68,106.71,104.88,105.11,87.4,2567700
2021-08-02,105.39,106.66,105.16,106.19,88.3,3392300
2021-08-03,106.41,107.56,105.98,106.61,88.65,2398900
2021-08-04,106.29,107.0,105.37,106.73,88.75,2261800
2021-08-05,106.75,108.0,106.33,107.93,89.74,2843600
2021-08-06,107.42,108.06,106.88,106.96,88.94,2617800
2021-08-09,106.7,107.01,105.47,106.15,88.26,2435800
2021-08-10,106.5,107.24,106.0,106.9,88.89,2022100
2021-08-11,107.28,107.81,106.97,107.14,89.09,2510400
2021-08-12,105.79,106.5,105.47,105.69,88.7,2227000
2021-08-13,105.98,106.29,105.53,106.0,88.96,2010900
2021-08-16,106.33,108.38,106.16,107.81,90.48,3286700
2021-08-17,107.79,108.24,106.75,107.71,90.39,2151900
2021-08-18,107.77,107.84,106.57,107.05,89.84,2834100
2021-08-19,107.06,108.22,106.7,106.88,89.7,2464600
2021-08-20,106.23,107.34,105.64,107.21,89.97,2569100
2021-08-23,107.06,107.47,105.68,105.83,88.81,2712700
2021-08-24,106.03,106.17,104.39,105.15,88.24,3730600
2021-08-25,105.13,105.96,104.43,105.38,88.44,2357900
2021-08-26,105.4,105.58,104.82,104.85,87.99,2495800
2021-08-27,105.08,105.33,104.51,104.67,87.84,1724400
2021-08-30,104.5,105.16,104.34,104.79,87.94,1947800
2021-08-31,104.84,105.62,104.4,104.66,87.83,3069300
2021-09-01,104.9,106.38,104.67,106.12,89.06,2499500
2021-09-02,106.2,106.95,106.0,106.65,89.5,2792500
2021-09-03,106.39,106.64,105.47,105.68,88.69,3043700
2021-09-07,105.52,105.59,103.17,103.2,86.61,4472500
2021-09-08,103.27,105.65,102.71,105.33,88.39,3616300
2021-09-09,105.09,105.35,104.53,104.62,87.8,2317700
2021-09-10,104.65,104.79,103.15,103.2,86.61,2391700
2021-09-13,103.98,104.22,102.55,102.73,86.21,2801100
2021-09-14,103.0,103.51,101.48,101.61,85.27,3421700
2021-09-15,101.25,102.42,100.8,102.03,85.63,2795800
2021-09-16,102.49,102.81,101.28,101.41,85.1,3219100
2021-09-17,101.0,101.58,99.57,99.67,83.64,6699200
2021-09-20,99.29,100.31,98.53,99.64,83.62,4907800
2021-09-21,99.92,100.47,98.83,98.92,83.02,3274900
2021-09-22,99.25,99.46,98.18,98.54,82.7,2732900
2021-09-23,98.61,99.45,98.2,98.4,82.58,2419900
2021-09-24,98.25,99.08,97.89,98.46,82.63,3010800
2021-09-27,98.45,99.56,97.5,97.63,81.93,2772800
2021-09-28,97.45,97.86,96.58,97.05,81.45,3126800
2021-09-29,97.05,99.03,96.95,98.34,82.53,3299000
2021-09-30,98.52,98.7,97.56,97.59,81.9,2962300
2021-10-01,98.2,98.88,97.61,98.46,82.63,4598500
2021-10-04,98.66,101.03,98.51,100.76,84.56,4645600
2021-10-05,100.88,100.98,99.95,100.17,84.06,3411500
2021-10-06,99.93,101.91,99.25,101.85,85.47,2794800
2021-10-07,101.92,102.56,100.86,100.96,84.73,2020000
2021-10-08,101.0,101.32,100.41,100.53,84.37,1745000
2021-10-11,100.18,100.73,99.35,99.71,83.68,1659700
2021-10-12,99.85,100.56,99.58,99.82,83.77,2426000
2021-10-13,99.84,100.75,99.05,100.7,84.51,1798800
2021-10-14,101.11,101.89,100.76,101.65,85.31,3045600
2021-10-15,101.75,101.99,100.1,100.35,84.22,2593400
2021-10-18,99.85,100.18,99.15,99.86,83.8,2057600
2021-10-19,100.35,101.22,100.13,101.13,84.87,1759000
2021-10-20,101.25,102.57,101.25,102.23,85.79,1892700
2021-10-21,102.39,103.03,102.17,103.0,86.44,2057800
2021-10-22,103.21,104.94,102.97,103.78,87.09,2430300
2021-10-25,103.69,103.7,102.62,102.84,86.31,1681600
2021-10-26,102.79,104.14,102.64,103.29,86.68,2298300
2021-10-27,103.65,103.82,102.65,102.76,86.24,1519200
2021-10-28,102.42,102.85,101.77,102.49,86.01,1973600
2021-10-29,102.24,102.96,101.6,102.01,85.61,2301300
2021-11-01,102.13,102.68,101.46,102.31,85.86,1606500
2021-11-02,102.63,102.81,101.5,102.45,85.98,2701100
2021-11-03,102.25,102.95,101.45,102.54,86.05,2062000
2021-11-04,102.39,102.85,99.87,101.02,84.78,3054500
2021-11-05,101.19,102.67,101.05,101.68,85.33,2127800
2021-11-08,101.88,101.99,100.51,101.42,85.11,3686700
2021-11-09,101.79,102.25,101.23,101.96,85.57,2876300
2021-11-10,101.28,101.91,100.69,101.62,86.11,1876700
2021-11-11,101.36,101.56,99.96,100.25,84.95,2002600
2021-11-12,100.25,100.5,99.58,99.88,84.64,2504100
2021-11-15,100.24,101.01,99.73,100.6,85.25,2362900
2021-11-16,100.53,100.77,98.96,99.08,83.96,3758800
2021-11-17,99.0,99.25,98.41,98.99,83.88,2368600
2021-11-18,98.58,98.66,97.98,98.37,83.36,2809800
2021-11-19,98.45,98.76,97.96,98.42,83.4,2986300
2021-11-22,98.5,100.55,98.32,100.25,84.95,3913900
2021-11-23,100.49,101.07,99.38,100.74,85.37,3174100
2021-11-24,100.99,101.19,99.92,100.18,84.89,2236800
2021-11-26,99.18,100.66,99.15,99.28,84.13,1805400
2021-11-29,99.92,100.49,99.11,100.22,84.93,2128900
2021-11-30,99.65,99.72,96.75,97.01,82.21,3873200
2021-12-01,97.44,99.0,96.58,96.62,81.88,2825600
2021-12-02,97.1,98.68,96.93,97.65,82.75,2956200
2021-12-03,98.1,99.95,97.31,99.88,84.64,3106800
2021-12-06,100.52,102.7,100.26,101.21,85.77,2972500
2021-12-07,100.88,101.55,100.5,101.17,85.73,4402500
2021-12-08,100.99,101.64,100.2,100.85,85.46,4819400
2021-12-09,101.04,101.12,99.26,100.28,84.98,4020800
2021-12-10,100.81,102.05,100.36,101.51,86.02,3039900
2021-12-13,101.5,103.63,101.45,103.04,87.32,3932500
2021-12-14,103.05,103.5,102.32,102.77,87.09,2825100
2021-12-15,102.81,104.11,102.81,103.82,87.98,3378800
2021-12-16,104.0,105.11,103.64,104.54,88.59,3066600
2021-12-17,104.45,105.17,102.32,103.04,87.32,7150200
2021-12-20,102.52,103.83,101.88,103.67,87.85,3678600
2021-12-21,104.0,104.49,102.68,103.02,87.3,2054600
2021-12-22,102.91,103.53,102.67,103.16,87.42,1588700
2021-12-23,103.28,103.89,102.93,102.97,87.26,1435100
2021-12-27,102.97,103.44,102.68,103.29,87.53,1269600
2021-12-28,103.46,104.6,103.46,104.57,88.61,1197400
2021-12-29,104.76,105.03,104.23,104.76,88.77,1176300
2021-12-30,104.8,105.04,104.12,104.79,88.8,1690700
2021-12-31,104.72,105.23,104.0,104.9,88.89,1945700
2022-01-03,104.91,104.91,103.02,103.49,87.7,3272700
2022-01-04,103.36,104.94,103.28,103.41,87.63,2558300
2022-01-05,103.5,104.92,103.47,103.64,87.82,2446600
2022-01-06,103.51,104.77,103.33,103.47,87.68,3944100
2022-01-07,102.81,104.97,102.26,104.5,88.55,2990100
2022-01-10,104.65,105.32,104.07,104.56,88.6,2683500
2022-01-11,104.58,104.7,102.53,103.23,87.48,2937300
2022-01-12,102.68,103.82,102.2,103.62,87.81,2226300
2022-01-13,103.54,104.5,103.2,104.15,88.26,2591200
2022-01-14,104.44,104.68,103.27,104.04,88.16,3425900
2022-01-18,103.33,103.75,101.74,101.87,86.32,3082000
2022-01-19,101.88,102.83,101.31,102.17,86.58,2460800
2022-01-20,102.05,103.53,101.99,102.31,86.7,2426800
2022-01-21,103.02,104.21,102.67,102.98,87.27,3453800
2022-01-24,103.62,103.98,100.25,102.58,86.93,5654600
2022-01-25,101.71,103.15,101.56,102.32,86.71,3336300
2022-01-26,102.18,103.3,101.2,101.95,86.39,3111000
2022-01-27,102.51,104.38,102.47,103.25,87.49,3384900
2022-01-28,103.19,104.77,102.8,104.73,88.75,2874200
2022-01-31,103.87,105.24,103.46,105.06,89.03,4306700
2022-02-01,104.55,105.08,102.39,103.45,87.66,3036300
2022-02-02,103.35,105.22,103.05,105.0,88.98,3391100
2022-02-03,105.22,105.76,104.7,105.43,89.34,2238900
2022-02-04,104.56,105.34,103.63,104.25,88.34,2217100
2022-02-07,104.14,104.82,103.35,104.34,88.42,3046600
2022-02-08,105.27,105.36,104.06,104.41,88.48,2298800
2022-02-09,104.75,105.21,104.22,104.71,88.73,2259800
2022-02-10,104.19,104.33,99.58,99.79,84.56,5918200
2022-02-11,100.1,100.86,99.56,99.75,84.53,3953500
2022-02-14,100.55,101.01,98.63,99.95,84.7,5284400
2022-02-15,100.13,101.11,98.77,99.3,84.15,3149200
2022-02-16,99.36,99.97,98.9,99.51,84.33,2955900
2022-02-17,98.47,99.16,97.53,98.73,84.5,2401800
2022-02-18,98.36,100.19,98.08,99.81,85.42,4505500
2022-02-22,100.0,100.24,98.57,99.45,85.12,3304900
2022-02-23,99.66,99.87,97.6,97.67,83.59,4055900
2022-02-24,97.43,97.62,95.48,97.04,83.05,4207800
2022-02-25,98.04,100.34,97.84,100.22,85.78,3326800
2022-02-28,99.21,100.52,98.99,100.41,85.94,3069400
2022-03-01,100.41,101.06,98.67,99.83,85.44,2448100
2022-03-02,99.94,101.25,99.74,100.79,86.26,2334300
2022-03-03,101.25,103.23,101.06,102.64,87.85,2607400
2022-03-04,102.46,105.37,102.4,105.26,90.09,3276600
2022-03-07,105.4,106.99,104.55,106.7,91.32,3611000
2022-03-08,106.76,107.45,105.33,105.47,90.27,3549800
2022-03-09,106.19,106.57,105.12,105.33,90.15,3293200
2022-03-10,104.62,106.42,104.44,106.19,90.89,2038500
2022-03-11,106.1,107.09,105.95,106.14,90.84,2229700
2022-03-14,107.05,107.7,105.74,106.3,90.98,2562900
2022-03-15,107.34,107.38,106.13,106.69,91.31,2113300
2022-03-16,107.02,107.02,104.17,105.97,90.7,2636500
2022-03-17,106.0,107.54,105.29,106.5,91.15,2675000
2022-03-18,106.3,106.92,104.57,105.05,89.91,4859200
2022-03-21,105.32,106.87,105.28,106.16,90.86,1987500
2022-03-22,106.77,106.95,104.86,106.19,90.89,2574900
2022-03-23,106.68,107.51,105.92,106.83,91.43,2617400
2022-03-24,106.57,108.08,106.4,107.47,91.98,2196500
2022-03-25,107.8,109.36,107.53,109.13,93.4,1703600
2022-03-28,109.0,110.04,108.25,110.04,94.18,2470300
2022-03-29,110.13,110.99,109.62,110.97,94.98,2461600
2022-03-30,111.0,111.5,110.4,111.48,95.41,1979300
2022-03-31,111.38,112.55,111.2,111.66,95.57,3280100
2022-04-01,111.7,112.9,110.55,112.82,96.56,2302500
2022-04-04,112.1,112.25,110.41,111.79,95.68,2265700
2022-04-05,112.0,114.14,111.98,112.52,96.3,2489200
2022-04-06,113.11,115.26,112.49,115.15,98.55,3413200
2022-04-07,114.99,115.22,113.45,114.86,98.31,2785900
2022-04-08,115.39,115.79,114.17,115.35,98.73,1678100
2022-04-11,115.46,115.96,113.79,114.23,97.77,2574200
2022-04-12,114.03,115.73,113.27,115.42,98.79,2509800
2022-04-13,115.51,115.9,114.4,115.11,98.52,2092300
2022-04-14,115.19,115.52,114.48,114.85,98.3,2719300
2022-04-18,115.28,115.82,113.59,114.24,97.78,1962500
2022-04-19,114.37,114.7,113.77,114.47,97.97,2018100
2022-04-20,115.49,115.87,115.17,115.43,98.79,2152900
2022-04-21,115.15,116.33,114.67,115.28,98.67,1865900
2022-04-22,115.17,115.45,114.14,114.28,97.81,3185600
2022-04-25,114.82,115.03,112.04,113.77,97.37,3743600
2022-04-26,113.81,115.83,113.35,113.5,97.14,3937200
2022-04-27,113.56,114.89,112.21,113.09,96.79,2483900
2022-04-28,113.57,114.7,112.6,113.8,97.4,2734100
2022-04-29,113.42,113.51,109.78,110.16,94.28,5424000
2022-05-02,110.67,111.09,107.47,108.7,93.03,3831700
2022-05-03,109.35,110.4,108.19,108.36,92.74,2428400
2022-05-04,108.2,110.78,107.93,110.51,94.58,2561400
2022-05-05,110.02,110.97,109.08,110.05,94.19,2200100
2022-05-06,109.79,111.97,109.33,111.32,95.28,2723500
2022-05-09,109.64,112.12,108.5,110.8,94.83,3663300
2022-05-10,110.59,112.2,108.04,108.91,93.21,3372200
2022-05-11,109.12,111.66,108.84,109.91,94.07,3082800
2022-05-12,108.79,109.31,107.4,108.85,94.0,3429200
2022-05-13,109.39,109.67,107.71,109.3,94.39,3251300
2022-05-16,109.65,110.88,109.43,110.03,95.02,2408000
2022-05-17,109.43,110.0,107.13,109.35,94.44,4076100
2022-05-18,109.82,110.56,108.58,108.9,94.05,4006100
2022-05-19,108.67,109.45,107.23,108.95,94.09,3687600
2022-05-20,108.84,110.01,108.19,109.83,94.85,3375100
2022-05-23,110.65,111.9,109.81,110.81,95.7,2577300
2022-05-24,111.31,113.33,110.72,112.98,97.57,3009200
2022-05-25,113.2,113.42,111.7,112.39,97.06,2771900
2022-05-26,113.07,113.79,112.6,113.23,97.79,2717600
2022-05-27,112.89,114.5,112.58,114.4,98.8,2628900
2022-05-31,113.17,113.54,112.1,112.52,97.17,5037700
2022-06-01,112.55,112.73,110.96,111.67,96.44,2552100
2022-06-02,112.1,112.36,109.92,111.79,96.54,2712800
2022-06-03,111.48,112.1,110.97,111.16,96.0,1547800
2022-06-06,111.51,112.08,110.93,111.11,95.96,1483200
2022-06-07,110.95,112.41,110.26,112.34,97.02,2113300
2022-06-08,111.96,112.07,110.27,110.49,95.42,1810700
2022-06-09,110.43,111.03,107.59,107.73,93.04,2379400
2022-06-10,106.91,108.69,105.95,107.77,93.07,3342600
2022-06-13,106.78,107.0,102.93,103.43,89.32,2752200
2022-06-14,103.71,104.24,99.66,100.94,87.17,3899500
2022-06-15,102.01,102.12,99.06,100.18,86.52,4039500
2022-06-16,99.03,99.83,97.86,99.54,85.96,4134000
2022-06-17,99.24,99.96,96.87,97.82,84.48,5533000
2022-06-21,97.94,99.5,97.62,99.21,85.68,2877800
2022-06-22,98.92,101.0,98.69,100.16,86.5,2909900
2022-06-23,100.67,103.65,100.55,103.41,89.31,3724300
2022-06-24,103.67,104.8,103.3,104.53,90.27,2953800
2022-06-27,104.03,105.37,103.73,105.2,90.85,1725000
2022-06-28,105.76,106.83,105.36,105.7,91.28,2215700
2022-06-29,105.73,106.32,105.31,106.01,91.55,1767300
2022-06-30,105.27,107.94,105.04,107.21,92.59,3568900
2022-07-01,107.75,109.79,107.21,109.62,94.67,2874200
2022-07-05,109.7,109.7,104.54,106.34,91.84,2951900
2022-07-06,106.67,108.43,106.08,107.58,92.91,1920800
2022-07-07,107.82,108.22,106.54,106.83,92.26,1913500
2022-07-08,106.88,107.07,105.74,105.91,91.47,1697600
2022-07-11,106.04,107.99,105.86,107.96,93.24,2435700
2022-07-12,107.58,108.98,107.13,107.67,92.99,2102700
2022-07-13,106.93,108.2,106.72,107.24,92.61,2417200
2022-07-14,105.27,107.22,105.19,106.95,92.36,2274900
2022-07-15,107.44,107.64,106.18,107.43,92.78,2244200
2022-07-18,106.9,107.12,105.4,105.43,91.05,2228100
2022-07-19,106.05,106.47,105.44,105.54,91.15,2097300
2022-07-20,105.66,105.84,102.84,102.99,88.94,2981000
2022-07-21,102.91,103.74,102.17,103.54,89.42,3085300
2022-07-22,104.24,105.0,103.94,104.98,90.66,1501200
2022-07-25,104.63,106.02,104.4,105.98,91.53,1432500
2022-07-26,105.78,107.32,105.51,107.02,92.42,1788900
2022-07-27,106.66,106.86,105.87,106.52,91.99,2003700
2022-07-28,107.43,109.27,106.64,108.95,94.09,2326300
2022-07-29,108.59,110.42,108.56,109.93,94.94,2522500
2022-08-01,109.87,110.55,108.96,109.85,94.87,2386900
2022-08-02,110.29,111.34,109.43,109.62,94.67,2182500
2022-08-03,109.42,111.15,107.46,110.82,95.71,2784900
2022-08-04,111.8,111.98,109.5,109.73,94.76,2963500
2022-08-05,109.15,109.49,107.31,109.16,94.27,3033600
2022-08-08,109.87,110.61,108.77,109.04,94.17,3130300
2022-08-09,109.39,110.16,109.15,109.81,94.83,2366400
2022-08-10,110.3,110.5,109.52,110.06,95.05,2907400
2022-08-11,109.15,109.88,108.34,108.51,94.57,2640900
2022-08-12,109.13,110.33,108.95,110.25,96.09,3302700
2022-08-15,110.36,111.09,109.63,110.98,96.73,2163200
2022-08-16,110.98,112.48,110.8,112.11,97.71,2504400
2022-08-17,111.91,112.9,111.84,112.03,97.64,1894500
2022-08-18,112.1,113.07,112.1,112.58,98.12,1744300
2022-08-19,112.78,113.67,112.32,113.24,98.7,2091800
2022-08-22,112.98,113.28,111.83,112.05,97.66,2282400
2022-08-23,112.15,112.15,110.8,111.03,96.77,1489700
2022-08-24,111.2,111.36,110.33,110.93,96.68,1796400
2022-08-25,111.04,111.12,109.61,110.7,96.48,2612200
2022-08-26,110.84,110.89,108.61,108.73,94.77,3367000
2022-08-29,108.41,109.92,107.6,109.2,95.18,1773300
2022-08-30,108.96,109.25,107.26,107.68,93.85,1919800
2022-08-31,107.68,108.56,106.75,106.91,93.18,2890900
2022-09-01,107.04,108.55,106.74,108.19,94.3,1612200
2022-09-02,108.27,109.27,106.68,107.0,93.26,1496200
2022-09-06,107.23,108.36,106.42,106.76,93.05,2037500
2022-09-07,107.47,110.34,107.46,110.25,96.09,3324400
2022-09-08,109.88,110.73,108.71,109.2,95.18,2390800
2022-09-09,109.58,110.38,108.91,109.88,95.77,1456200
2022-09-12,109.96,111.26,109.9,110.88,96.64,1653700
2022-09-13,110.15,110.52,107.58,108.19,94.3,2387900
2022-09-14,108.32,109.94,108.32,109.27,95.24,2309800
2022-09-15,108.54,108.68,106.1,106.28,92.63,3103000
2022-09-16,106.93,107.59,105.9,106.11,92.48,4565300
2022-09-19,105.83,106.85,105.33,106.81,93.09,1783400
2022-09-20,106.02,106.25,104.57,105.64,92.07,1622400
2022-09-21,106.04,106.87,104.27,104.29,90.9,1495600
2022-09-22,104.1,105.59,103.59,104.68,91.24,2324900
2022-09-23,103.95,104.27,102.52,103.71,90.39,2297600
2022-09-26,103.5,103.61,99.92,100.84,87.89,2812800
2022-09-27,101.09,101.53,97.96,98.32,85.69,4027900
2022-09-28,99.45,100.2,98.16,99.61,86.82,2338200
2022-09-29,99.36,99.4,94.95,95.1,82.89,3104500
2022-09-30,95.75,96.1,92.8,93.02,81.07,5163600
2022-10-03,94.46,96.01,93.45,95.33,83.09,3786800
2022-10-04,96.0,97.33,95.27,97.12,84.65,3105700
2022-10-05,95.9,96.13,93.45,94.02,81.95,3865500
2022-10-06,93.66,93.75,90.65,90.77,79.11,4230800
2022-10-07,90.74,91.0,88.59,89.07,77.63,3162700
2022-10-10,89.11,90.14,89.02,89.15,77.7,2982300
2022-10-11,88.8,90.5,88.66,89.53,78.03,4892500
2022-10-12,89.0,89.29,85.91,85.97,74.93,4243000
2022-10-13,85.0,88.52,83.76,87.99,76.69,7258400
2022-10-14,88.89,89.46,86.4,86.82,75.67,4711100
2022-10-17,88.0,89.96,87.87,89.1,77.66,3704400
2022-10-18,90.28,91.1,89.82,90.81,79.15,3009900
2022-10-19,89.62,90.37,88.82,89.29,77.82,2611700
2022-10-20,89.0,89.17,86.72,87.23,76.03,4057700
2022-10-21,87.41,89.1,86.92,88.46,77.1,2789000
2022-10-24,89.06,89.82,88.04,88.69,77.3,2318600
2022-10-25,88.71,90.62,88.7,90.24,78.65,2781000
2022-10-26,90.75,91.43,89.99,90.81,79.15,2938300
2022-10-27,91.64,92.31,90.9,91.04,79.35,3367400
2022-10-28,91.26,94.22,91.26,94.0,81.93,3139200
2022-10-31,93.71,94.24,92.58,93.18,81.21,3237600
2022-11-01,93.57,94.16,92.73,93.74,81.7,2889100
2022-11-02,93.47,95.39,92.74,92.88,80.95,3061200
2022-11-03,91.99,93.81,91.58,93.22,81.25,3132300
2022-11-04,94.65,94.79,91.44,93.61,81.59,4813400
2022-11-07,93.5,93.56,90.36,92.23,80.39,4501300
2022-11-08,92.53,94.02,92.34,93.2,81.23,2876600
2022-11-09,93.63,94.4,93.14,93.45,81.45,2742400
2022-11-10,95.86,97.36,94.26,97.1,84.63,3601900
2022-11-11,97.21,97.25,94.45,95.17,82.95,3286300
2022-11-14,95.65,96.44,95.27,95.45,83.19,4782300
2022-11-15,96.6,97.47,95.83,97.13,84.66,4625600
2022-11-16,97.37,99.08,97.37,97.94,85.36,3645300
2022-11-17,96.31,96.74,94.93,95.52,84.12,2755500
2022-11-18,96.46,97.23,96.0,96.79,85.23,3680500
2022-11-21,96.55,97.55,96.18,97.04,85.45,3314500
2022-11-22,97.49,98.69,97.28,97.68,86.02,2334000
2022-11-23,97.47,98.68,97.45,98.54,86.78,2726000
2022-11-25,99.0,99.99,98.9,99.62,87.73,1275700
2022-11-28,99.2,99.66,98.22,98.61,86.84,2283800
2022-11-29,98.03,98.23,97.24,97.94,86.25,2127400
2022-11-30,97.58,100.42,97.26,99.93,88.0,6052200
2022-12-01,100.84,101.9,99.88,100.31,88.33,3329800
2022-12-02,99.39,99.75,98.5,99.52,87.64,2097700
2022-12-05,98.74,99.56,98.52,99.13,87.29,2212500
2022-12-06,99.23,100.7,99.05,100.51,88.51,2828800
2022-12-07,100.35,101.26,99.33,99.58,87.69,2635600
2022-12-08,99.61,100.65,99.32,100.45,88.46,2065900
2022-12-09,100.08,100.92,100.01,100.35,88.37,1998200
2022-12-12,101.43,102.43,100.3,102.32,90.1,2734900
2022-12-13,103.35,104.34,102.42,103.1,90.79,5581400
2022-12-14,103.24,105.52,102.63,103.3,90.97,4468700
2022-12-15,103.06,103.32,101.94,102.51,90.27,3631400
2022-12-16,102.08,102.12,99.19,100.34,88.36,10623600
2022-12-19,100.13,101.33,99.71,100.23,88.26,3628800
2022-12-20,100.08,100.92,99.2,100.21,88.25,2394300
2022-12-21,100.7,102.09,100.65,101.92,89.75,2269400
2022-12-22,101.7,101.98,100.21,101.95,89.78,2312200
2022-12-23,101.82,103.15,101.06,102.99,90.69,1803300
2022-12-27,103.09,103.98,102.55,103.67,91.29,1698500
2022-12-28,104.0,104.48,102.67,102.9,90.61,1687600
2022-12-29,103.3,104.42,103.3,103.84,91.44,1444600
2022-12-30,103.88,104.0,101.99,102.99,90.69,2055600
2023-01-03,103.2,103.8,102.19,103.7,91.32,2688900
2023-01-04,104.27,105.38,103.85,104.81,92.3,2819900
2023-01-05,103.85,104.36,102.42,103.26,90.93,1920600
2023-01-06,104.2,105.79,104.0,105.18,92.62,2157300
2023-01-09,105.03,106.43,104.76,105.19,92.63,2358300
2023-01-10,104.88,105.47,104.47,105.43,92.84,2244500
2023-01-11,105.43,106.1,105.18,105.66,93.05,2358800
2023-01-12,105.79,106.13,104.82,105.08,92.53,2350100
2023-01-13,104.5,105.45,104.26,104.98,92.45,2722900
2023-01-17,105.18,105.43,104.1,104.22,91.78,3552700
2023-01-18,104.41,104.58,102.01,102.25,90.04,3152600
2023-01-19,102.25,102.92,101.56,101.97,89.8,3025900
2023-01-20,101.87,102.11,100.05,101.82,89.66,3968400
2023-01-23,101.53,102.35,100.75,100.99,88.93,3326700
2023-01-24,101.33,101.49,99.16,101.37,89.27,3048200
2023-01-25,100.29,101.45,99.98,101.42,89.31,2066600
2023-01-26,100.9,101.71,100.75,101.34,89.24,2093500
2023-01-27,101.21,101.98,100.58,101.58,89.45,2277000
2023-01-30,101.23,102.16,101.17,101.64,89.51,2470900
2023-01-31,102.0,102.56,101.05,102.45,90.22,3722600
2023-02-01,101.75,103.22,101.24,102.54,90.3,3054300
2023-02-02,102.61,103.83,102.0,102.04,89.86,3796600
2023-02-03,101.5,101.8,98.46,100.58,88.57,4331100
2023-02-06,100.15,101.91,100.04,101.81,89.65,3050300
2023-02-07,101.08,101.15,99.55,100.82,88.78,2672600
2023-02-08,100.2,100.29,98.83,99.18,87.34,3328600
2023-02-09,99.28,100.38,97.0,97.55,85.9,4403000
2023-02-10,97.36,99.21,96.77,99.11,87.28,2633200
2023-02-13,98.89,100.4,98.89,100.04,88.1,1931400
2023-02-14,99.99,100.44,99.07,99.47,87.59,2190700
2023-02-15,99.0,99.44,98.55,99.26,87.41,3276800
2023-02-16,97.5,98.75,96.45,98.29,87.44,2150000
2023-02-17,98.56,99.99,97.88,99.49,88.51,3041300
2023-02-21,98.99,99.33,97.6,97.68,86.9,3262600
2023-02-22,97.46,98.52,97.17,97.47,86.71,2070500
2023-02-23,97.87,98.1,96.4,96.84,86.15,1889400
2023-02-24,95.83,97.04,95.49,96.92,86.22,2320800
2023-02-27,97.02,97.91,95.69,95.81,85.23,2416300
2023-02-28,95.49,96.05,94.18,94.26,83.86,3155500
2023-03-01,94.02,94.04,91.78,91.91,81.76,3373100
2023-03-02,91.77,93.97,91.72,93.77,83.42,2589000
2023-03-03,93.96,95.45,93.26,95.39,84.86,4061800
2023-03-06,95.49,96.04,95.33,95.98,85.39,2709100
2023-03-07,96.12,96.17,92.98,93.52,83.2,2817000
2023-03-08,93.65,94.83,93.51,94.67,84.22,2450000
2023-03-09,95.01,96.07,93.74,94.22,83.82,2750800
2023-03-10,94.42,94.62,92.35,92.83,82.58,2629100
2023-03-13,92.72,96.53,92.72,94.17,83.78,4542700
2023-03-14,94.84,96.13,94.09,95.09,84.59,3778300
2023-03-15,95.0,97.49,94.67,96.83,86.14,3856800
2023-03-16,96.77,98.65,96.51,97.2,86.47,4859300
2023-03-17,96.5,97.13,95.71,96.39,85.75,5914300
2023-03-20,96.86,97.6,96.66,97.31,86.57,3159900
2023-03-21,97.07,97.15,93.56,94.77,84.31,4087400
2023-03-22,94.45,94.96,92.91,92.95,82.69,3089700
2023-03-23,93.0,93.63,91.37,91.55,81.44,2764400
2023-03-24,91.66,94.41,91.65,94.37,83.95,3608700
2023-03-27,94.74,95.37,94.32,94.69,84.24,2718100
2023-03-28,94.58,95.82,94.34,94.75,84.29,3004000
2023-03-29,95.0,96.39,94.99,96.27,85.64,2348400
2023-03-30,96.45,97.11,95.7,96.16,85.55,2500300
2023-03-31,96.4,96.99,95.92,96.47,85.82,3205200
2023-04-03,95.11,96.69,94.49,95.09,84.59,6259100
2023-04-04,94.96,96.29,94.71,96.23,85.61,5001100
2023-04-05,97.0,99.29,96.77,98.84,87.93,4461100
2023-04-06,99.5,99.78,98.4,99.74,88.73,2879600
2023-04-10,99.27,99.41,98.06,99.13,88.19,2628500
2023-04-11,99.18,99.6,98.65,99.35,88.38,1804500
2023-04-12,99.76,100.03,98.97,99.41,88.44,1941600
2023-04-13,98.57,99.32,97.09,99.14,88.2,3211300
2023-04-14,98.13,98.31,97.33,97.64,86.86,3217700
2023-04-17,98.18,98.74,97.47,98.41,87.55,2214300
2023-04-18,98.15,98.47,97.23,97.41,86.66,1974200
2023-04-19,97.91,98.55,97.53,98.4,87.54,2125500
2023-04-20,98.76,98.83,97.75,98.22,87.38,1989400
2023-04-21,98.8,99.15,97.68,98.36,87.5,2186500
2023-04-24,98.6,99.28,97.56,98.9,87.98,2153100
2023-04-25,99.01,100.39,98.95,99.74,88.73,2770800
2023-04-26,99.0,99.67,98.12,98.35,87.49,2677700
2023-04-27,98.41,99.5,98.32,99.47,88.49,2285300
2023-04-28,99.28,99.84,98.18,98.88,87.97,1995000
2023-05-01,98.85,100.13,98.59,99.09,88.15,3231900
2023-05-02,99.0,99.21,97.23,97.6,86.83,2576200
2023-05-03,98.09,98.73,97.23,97.33,86.59,3174000
2023-05-04,97.58,98.49,97.11,98.11,87.28,3067100
2023-05-05,98.14,99.42,97.74,99.36,88.39,2588900
2023-05-08,99.1,99.81,98.25,98.9,87.98,3099800
2023-05-09,97.72,98.37,97.17,98.05,87.23,4174800
2023-05-10,98.82,99.5,98.13,99.14,88.2,3008200
2023-05-11,98.0,98.34,96.92,97.33,87.47,1824300
2023-05-12,97.79,98.37,97.01,97.45,87.58,2216000
2023-05-15,97.65,97.85,96.08,96.33,86.57,2020400
2023-05-16,96.49,96.59,94.0,94.01,84.49,2209000
2023-05-17,94.2,94.51,92.6,93.02,83.6,2967400
2023-05-18,92.41,93.02,91.99,92.81,83.41,2775800
2023-05-19,93.26,93.73,92.51,92.51,83.14,2388500
2023-05-22,92.9,93.21,91.8,91.97,82.66,2725100
2023-05-23,91.55,92.38,90.6,90.75,81.56,3694200
2023-05-24,90.99,91.38,90.03,90.16,81.03,2820300
2023-05-25,90.0,90.01,88.23,88.89,79.89,3621600
2023-05-26,88.71,88.82,87.52,88.7,79.72,3065500
2023-05-30,88.8,89.46,87.89,88.01,79.1,3002600
2023-05-31,88.3,89.75,87.91,89.29,80.25,4150000
2023-06-01,89.7,89.71,87.66,88.12,79.2,3659200
2023-06-02,88.0,89.9,87.2,89.68,80.6,3835600
2023-06-05,90.0,91.03,89.71,90.16,81.03,2513200
2023-06-06,90.75,90.92,89.72,89.75,80.66,1970800
2023-06-07,89.84,91.76,89.21,91.57,82.3,2531900
2023-06-08,91.3,92.02,90.64,92.0,82.68,3156700
2023-06-09,92.0,92.16,91.33,91.52,82.25,2647600
2023-06-12,91.74,91.74,90.86,91.39,82.13,3131300
2023-06-13,90.25,91.02,89.9,90.76,81.57,3630600
2023-06-14,91.62,92.69,90.74,90.85,81.65,3433000
2023-06-15,91.35,91.94,90.87,91.69,82.4,3038500
2023-06-16,92.18,92.97,91.65,92.18,82.84,8693700
2023-06-20,92.02,92.24,90.91,90.95,81.74,2851900
2023-06-21,90.69,91.86,89.94,91.65,82.37,2435300
2023-06-22,92.16,92.26,90.39,90.9,81.69,2563800
2023-06-23,91.2,91.55,89.54,89.72,80.63,3800200
2023-06-26,90.06,91.06,89.35,90.84,81.64,2209100
2023-06-27,90.93,91.12,90.47,90.52,81.35,2283200
2023-06-28,90.44,90.49,88.9,89.1,80.08,2410500
2023-06-29,88.36,89.28,88.1,88.88,79.88,2538100
2023-06-30,89.01,89.88,88.65,89.74,80.65,2736200
2023-07-03,89.73,90.79,89.48,90.72,81.53,1181000
2023-07-05,90.05,92.45,90.0,91.61,82.33,3073800
2023-07-06,91.08,91.23,90.25,90.56,81.39,2101000
2023-07-07,90.02,90.57,89.7,89.77,80.68,2208500
2023-07-10,89.54,89.84,88.57,89.22,80.18,2312300
2023-07-11,89.93,90.95,89.49,90.88,81.68,3051100
2023-07-12,91.1,92.53,90.96,92.36,83.01,2566300
2023-07-13,92.35,93.31,91.82,93.31,83.86,2912100
2023-07-14,93.09,93.46,92.63,93.01,83.59,2833200
2023-07-17,92.76,92.88,91.75,91.78,82.49,1921300
2023-07-18,91.81,92.79,90.17,90.91,81.7,2279900
2023-07-19,91.22,92.62,91.19,91.65,82.37,1970400
2023-07-20,92.0,93.34,91.38,93.2,83.76,2428700
2023-07-21,93.54,94.99,93.17,94.78,85.18,2694300
2023-07-24,95.0,95.29,94.11,94.77,85.17,2248700
2023-07-25,94.56,95.47,94.11,95.29,85.64,2648500
2023-07-26,95.06,96.41,94.88,95.56,85.88,2196700
2023-07-27,95.14,95.74,94.01,94.44,84.88,2841800
2023-07-28,95.05,95.33,93.07,93.34,83.89,2567000
2023-07-31,93.74,94.17,92.95,93.62,84.14,2902800
2023-08-01,93.58,93.82,92.13,92.15,82.82,2422100
2023-08-02,92.0,93.12,91.87,92.53,83.16,2295000
2023-08-03,92.29,92.48,90.2,90.37,81.22,2880500
2023-08-04,90.73,91.56,88.92,89.46,80.4,3043500
2023-08-07,89.58,90.1,89.52,89.66,80.58,3604500
2023-08-08,90.28,92.2,89.24,92.13,82.8,5240800
2023-08-09,91.87,93.24,91.75,92.82,83.42,3219200
2023-08-10,93.34,93.99,92.69,92.91,83.5,3635500
2023-08-11,93.0,93.99,92.94,93.82,84.32,2428700
2023-08-14,93.88,93.88,92.47,92.79,83.39,2340400
2023-08-15,92.06,92.32,91.35,91.44,82.18,2669700
2023-08-16,91.69,92.33,91.32,91.7,82.41,2382100
2023-08-17,90.84,92.19,90.54,90.7,82.44,2578600
2023-08-18,90.51,91.45,90.42,91.2,82.89,2766400
2023-08-21,90.8,91.1,89.13,89.63,81.46,3910700
2023-08-22,89.63,89.87,89.06,89.59,81.43,2365900
2023-08-23,90.35,90.41,89.13,90.34,82.11,2231500
2023-08-24,90.14,91.36,89.86,89.99,81.79,2376000
2023-08-25,90.2,91.34,89.99,90.58,82.33,2374600
2023-08-28,90.59,91.17,90.0,90.02,81.82,2128800
2023-08-29,90.0,90.96,89.95,90.29,82.06,2279700
2023-08-30,90.01,90.83,89.47,89.95,81.75,2250900
2023-08-31,90.26,90.43,88.72,88.8,80.71,3139600
2023-09-01,89.25,89.63,87.5,87.93,79.92,3777700
2023-09-05,87.78,87.99,86.04,86.65,78.75,3155500
2023-09-06,86.91,87.61,86.16,87.49,79.52,3249700
2023-09-07,88.2,90.22,88.08,89.4,81.25,4765200
2023-09-08,89.57,91.17,89.28,91.02,82.73,3302700
2023-09-11,90.85,92.47,90.73,91.78,83.42,3992900
2023-09-12,91.91,92.67,90.9,92.12,83.73,3689300
2023-09-13,92.43,94.36,92.32,93.88,85.33,4383300
2023-09-14,94.65,95.71,94.36,95.45,86.75,4594400
2023-09-15,95.34,96.08,94.93,95.18,86.51,9702900
2023-09-18,95.25,95.46,94.16,94.96,86.31,3701700
2023-09-19,94.96,95.23,93.79,93.84,85.29,3291000
2023-09-20,94.28,95.41,93.76,94.37,85.77,2855800
2023-09-21,94.25,94.73,93.2,93.41,84.9,3129300
2023-09-22,93.01,93.84,92.7,93.33,84.83,1973000
2023-09-25,92.83,93.39,92.31,93.31,84.81,2376500
2023-09-26,93.0,93.06,90.75,91.12,82.82,3000600
2023-09-27,91.1,91.41,89.26,90.09,81.88,3715400
2023-09-28,90.61,90.61,88.47,88.68,80.6,4489700
2023-09-29,89.64,89.96,87.63,88.26,80.22,3900500
2023-10-02,87.74,87.99,84.14,85.44,77.66,6498300
2023-10-03,85.0,86.06,83.38,85.76,77.95,5606500
2023-10-04,85.76,86.41,84.87,86.12,78.27,3322900
2023-10-05,85.88,86.02,84.73,85.48,77.69,3716400
2023-10-06,84.33,87.04,83.06,86.92,79.0,3511900
2023-10-09,86.67,88.25,86.38,88.23,80.19,3008500
2023-10-10,88.25,89.01,87.86,88.94,80.84,2619500
2023-10-11,89.4,90.12,88.65,89.87,81.68,2658900
2023-10-12,89.53,90.03,87.19,88.03,80.01,3172500
2023-10-13,88.94,89.54,88.05,88.68,80.6,3277000
2023-10-16,89.0,89.86,88.42,89.46,81.31,2993500
2023-10-17,88.77,89.76,88.48,88.96,80.85,2911500
2023-10-18,88.97,89.42,87.63,88.19,80.15,2790100
2023-10-19,87.92,88.85,87.27,87.78,79.78,3134300
2023-10-20,87.51,88.86,87.01,87.03,79.1,3468400
2023-10-23,86.2,87.62,85.79,86.33,78.46,3172100
2023-10-24,87.11,88.26,86.83,87.76,79.76,3213100
2023-10-25,87.64,88.44,87.17,88.15,80.12,2652800
2023-10-26,88.45,89.75,88.22,89.2,81.07,3033500
2023-10-27,88.86,89.12,87.09,87.53,79.55,2764300
2023-10-30,87.84,88.67,87.06,87.9,79.89,2426900
2023-10-31,88.35,88.93,87.91,88.89,80.79,3094500
2023-11-01,89.2,89.99,88.32,89.54,81.38,3944500
2023-11-02,89.5,90.6,88.99,89.89,81.7,4553000
2023-11-03,91.16,91.97,90.23,90.28,82.05,4022900
2023-11-06,90.18,90.58,89.47,89.72,81.55,3370700
2023-11-07,90.0,90.01,89.12,89.28,81.15,3054500
2023-11-08,88.78,88.97,87.16,88.36,80.31,3623800
2023-11-09,88.53,89.37,87.91,87.96,79.95,3441800
2023-11-10,88.47,88.68,87.73,88.27,80.23,2491100
2023-11-13,88.19,88.39,86.61,87.02,79.09,3396400
2023-11-14,88.63,89.9,88.5,89.85,81.66,5739200
2023-11-15,89.77,90.92,89.18,89.61,81.45,3175600
2023-11-16,89.35,90.58,89.35,90.18,82.91,3872300
2023-11-17,90.64,90.68,89.68,90.01,82.76,3340600
2023-11-20,89.52,90.04,88.27,89.3,82.1,3637300
2023-11-21,89.53,89.93,88.73,89.88,82.64,2483900
2023-11-22,90.0,90.44,89.52,90.36,83.08,2553200
2023-11-24,90.24,90.79,89.92,90.74,83.43,1472400
2023-11-27,90.86,91.13,90.17,90.93,83.6,2439400
2023-11-28,90.96,91.93,90.72,91.13,83.79,2774300
2023-11-29,91.22,91.69,90.36,90.71,83.4,2986800
2023-11-30,91.66,92.4,91.12,92.28,84.84,4959400
2023-12-01,92.2,92.65,91.55,92.64,85.17,4016400
2023-12-04,92.02,93.23,92.02,92.73,85.26,2796500
2023-12-05,92.86,92.97,91.9,92.47,85.02,2601200
2023-12-06,92.85,93.96,92.65,93.94,86.37,3260400
2023-12-07,93.9,94.89,93.33,94.46,86.85,3813000
2023-12-08,94.45,94.74,93.8,94.39,86.78,3271700
2023-12-11,94.04,95.4,93.59,95.36,87.67,4989100
2023-12-12,95.49,95.5,94.12,95.33,87.65,3942700
2023-12-13,95.5,98.14,94.85,98.08,90.18,3970200
2023-12-14,98.76,99.48,97.99,98.31,90.39,6870800
2023-12-15,97.99,98.15,95.62,96.63,88.84,8742700
2023-12-18,97.2,98.33,96.75,97.17,89.34,4277100
2023-12-19,97.51,97.54,96.46,96.81,89.01,2711900
2023-12-20,96.64,97.27,95.55,95.68,87.97,3428500
2023-12-21,95.94,96.5,95.22,96.36,88.59,3072500
2023-12-22,96.84,97.64,96.32,96.86,89.05,1927500
2023-12-26,96.62,97.51,96.43,96.73,88.93,2228300
2023-12-27,96.4,96.78,96.02,96.3,88.54,1987600
2023-12-28,96.06,97.06,96.0,96.92,89.11,1912700
2023-12-29,96.64,97.27,96.35,97.04,89.22,2295300
