Date,Open,High,Low,Close,Adj Close,Volume
2014-01-02,27.29,27.3,26.67,26.72,18.01,2569500
2014-01-03,26.7,26.77,26.23,26.34,17.76,3155800
2014-01-06,26.42,26.43,25.98,26.17,17.64,3473000
2014-01-07,26.15,26.27,25.92,26.03,17.55,3554500
2014-01-08,25.54,25.96,25.53,25.72,17.34,11659600
2014-01-09,25.83,25.97,25.51,25.9,17.46,6197000
2014-01-10,25.88,26.05,25.74,25.94,17.49,3595400
2014-01-13,25.91,26.09,25.63,25.7,17.33,3709300
2014-01-14,25.76,26.1,25.73,26.06,17.57,4531300
2014-01-15,26.06,26.14,25.87,25.99,17.52,5146500
2014-01-16,26.0,26.0,25.81,25.85,17.43,2160100
2014-01-17,25.9,25.98,25.71,25.73,17.35,2592200
2014-01-21,25.87,25.93,25.64,25.93,17.48,4855000
2014-01-22,25.86,25.9,25.16,25.41,17.13,9021100
2014-01-23,25.26,25.37,25.02,25.19,16.98,8742200
2014-01-24,25.01,25.07,24.79,24.8,16.72,5184400
2014-01-27,23.41,23.52,23.08,23.18,16.63,8702800
2014-01-28,23.15,23.53,23.11,23.46,16.83,5473800
2014-01-29,23.26,23.65,23.23,23.45,16.82,5571200
2014-01-30,23.54,23.61,23.44,23.56,16.9,2493400
2014-01-31,23.35,23.57,23.21,23.24,16.67,4163900
2014-02-03,23.1,23.24,22.57,22.59,16.2,5577700
2014-02-04,22.69,22.8,22.53,22.62,16.23,2723900
2014-02-05,22.57,22.84,22.57,22.6,16.21,3481200
2014-02-06,22.65,22.92,22.56,22.9,16.43,2992900
2014-02-07,23.08,23.2,22.94,23.13,16.59,3135400
2014-02-10,23.08,23.23,23.01,23.18,16.63,2761100
2014-02-11,23.17,23.62,23.16,23.49,16.85,2687300
2014-02-12,23.37,23.58,23.31,23.56,16.9,3679500
2014-02-13,23.42,23.94,23.42,23.85,17.11,3855600
2014-02-14,23.8,24.0,23.8,23.98,17.2,2279700
2014-02-18,23.93,24.06,23.78,23.87,17.12,2536500
2014-02-19,23.73,23.95,23.71,23.75,17.04,2948000
2014-02-20,23.78,24.05,23.59,23.97,17.19,5032700
2014-02-21,23.99,24.12,23.8,23.92,17.16,4811300
2014-02-24,23.89,23.94,23.76,23.76,17.04,4399000
2014-02-25,23.78,23.84,23.62,23.7,17.0,4409400
2014-02-26,23.77,24.09,23.76,23.9,17.14,3668100
2014-02-27,23.86,24.19,23.8,24.18,17.34,2842800
2014-02-28,24.21,24.59,24.13,24.49,17.57,5522700
2014-03-03,24.32,24.33,24.04,24.12,17.3,3392300
2014-03-04,24.38,24.44,24.09,24.22,17.37,3471100
2014-03-05,24.19,24.34,24.11,24.3,17.43,3537300
2014-03-06,24.31,24.56,24.28,24.45,17.54,1880900
2014-03-07,24.56,24.57,24.23,24.45,17.54,2309400
2014-03-10,24.38,24.57,24.38,24.5,17.57,3189400
2014-03-11,24.54,24.6,24.34,24.52,17.59,2396200
2014-03-12,23.97,24.05,23.57,23.58,16.91,5647400
2014-03-13,23.6,23.66,23.16,23.4,16.79,6912200
2014-03-14,23.38,23.86,23.34,23.7,17.0,5464200
2014-03-17,23.8,23.85,23.56,23.73,17.02,2553800
2014-03-18,23.69,23.83,23.64,23.65,16.96,1778700
2014-03-19,23.66,23.68,23.34,23.44,16.81,2479800
2014-03-20,23.38,23.89,23.35,23.82,17.09,2945600
2014-03-21,24.69,24.89,24.16,24.22,17.37,5270100
2014-03-24,24.3,24.36,24.03,24.11,17.29,3333100
2014-03-25,24.16,24.3,24.06,24.16,17.33,1846300
2014-03-26,24.3,24.33,23.88,23.9,17.14,4382400
2014-03-27,23.84,23.92,23.7,23.77,17.05,2986100
2014-03-28,23.86,24.15,23.8,23.98,17.2,3898800
2014-03-31,24.07,24.25,24.0,24.22,17.37,4845300
2014-04-01,24.32,24.38,23.97,24.09,17.28,2295200
2014-04-02,24.15,24.28,24.05,24.11,17.29,3283000
2014-04-03,24.21,24.51,24.15,24.5,17.57,3415000
2014-04-04,24.58,24.66,24.26,24.27,17.41,2585200
2014-04-07,24.28,24.38,24.08,24.11,17.29,3691600
2014-04-08,24.07,24.26,23.98,24.16,17.33,2532700
2014-04-09,24.28,24.44,24.01,24.06,17.26,5066700
2014-04-10,24.08,24.37,23.81,23.81,17.08,3190500
2014-04-11,23.7,23.78,23.54,23.66,16.97,3436300
2014-04-14,23.87,23.93,23.4,23.92,17.16,4783000
2014-04-15,23.82,23.93,23.65,23.83,17.09,3117400
2014-04-16,24.02,24.04,23.9,23.99,17.21,2860800
2014-04-17,23.96,24.0,23.82,23.96,17.19,2137300
2014-04-21,23.64,23.99,23.52,23.84,17.1,1715100
2014-04-22,23.86,23.9,23.7,23.76,17.04,2606700
2014-04-23,24.23,24.23,23.6,23.69,16.99,4193700
2014-04-24,23.85,24.14,23.71,23.94,17.17,8357100
2014-04-25,23.86,23.92,23.6,23.79,17.06,5101700
2014-04-28,23.92,24.01,23.79,23.99,17.21,5475600
2014-04-29,24.06,24.28,23.99,24.06,17.26,8692900
2014-04-30,24.07,24.29,23.95,24.25,17.39,13662500
2014-05-01,24.25,25.01,24.12,24.98,17.92,9402500
2014-05-02,24.93,25.07,24.7,24.8,17.79,6781400
2014-05-05,24.7,24.9,24.58,24.86,17.83,3400800
2014-05-06,24.75,24.81,24.5,24.58,17.63,4834600
2014-05-07,24.61,24.79,24.53,24.61,17.65,7315900
2014-05-08,24.58,24.73,24.51,24.62,17.66,3299300
2014-05-09,24.6,24.65,24.5,24.64,17.67,6621500
2014-05-12,24.75,24.89,24.74,24.84,17.82,6031700
2014-05-13,24.91,25.04,24.8,25.03,17.95,6622500
2014-05-14,25.25,25.6,25.16,25.44,18.25,12739800
2014-05-15,25.37,25.56,25.25,25.31,18.16,4930400
2014-05-16,25.41,25.45,25.28,25.36,18.19,3808100
2014-05-19,25.5,25.5,25.19,25.34,18.18,2295800
2014-05-20,25.36,25.36,25.04,25.15,18.04,2642800
2014-05-21,25.25,25.29,25.14,25.27,18.13,2637000
2014-05-22,25.29,25.34,25.1,25.16,18.05,2619100
2014-05-23,25.21,25.26,25.05,25.1,18.0,2120300
2014-05-27,24.59,25.19,24.59,25.06,17.98,3024800
2014-05-28,25.14,25.33,25.05,25.26,18.12,3529000
2014-05-29,25.34,25.36,25.16,25.17,18.05,2466000
2014-05-30,25.21,25.24,24.93,25.03,17.95,3124400
2014-06-02,25.06,25.15,24.8,24.91,17.87,3587000
2014-06-03,25.09,25.13,24.82,24.89,17.85,2776300
2014-06-04,24.88,24.98,24.8,24.91,17.87,3398700
2014-06-05,24.69,25.09,24.58,25.08,17.99,2882400
2014-06-06,25.15,25.38,25.14,25.25,18.11,2101500
2014-06-09,25.24,25.38,25.1,25.17,18.05,1627800
2014-06-10,25.14,25.2,24.93,24.99,17.93,2879800
2014-06-11,24.84,25.35,24.84,25.17,18.05,3884500
2014-06-12,25.23,25.26,25.01,25.19,18.07,2719100
2014-06-13,24.49,25.41,24.49,25.29,18.14,2443900
2014-06-16,25.37,25.57,25.36,25.5,18.29,3615500
2014-06-17,25.24,25.56,25.2,25.5,18.29,3196800
2014-06-18,25.48,25.65,25.35,25.62,18.38,2238500
2014-06-19,25.65,26.0,25.53,25.9,18.58,5723900
2014-06-20,25.98,26.03,25.69,25.78,18.49,5786400
2014-06-23,25.78,25.79,25.56,25.62,18.38,3072700
2014-06-24,25.59,25.63,25.4,25.46,18.26,3991400
2014-06-25,25.45,25.45,25.27,25.33,18.17,3507600
2014-06-26,25.4,25.44,25.03,25.21,18.08,4057000
2014-06-27,25.05,25.26,25.05,25.26,18.12,8530700
2014-06-30,25.27,25.39,25.22,25.36,18.19,2658300
2014-07-01,25.44,25.56,25.42,25.48,18.28,2088100
2014-07-02,25.35,25.54,25.18,25.21,18.08,2308600
2014-07-03,24.87,25.38,24.74,25.16,18.05,1913800
2014-07-07,25.21,25.31,25.02,25.09,18.0,2864700
2014-07-08,25.07,25.2,25.02,25.17,18.05,3764800
2014-07-09,25.15,25.33,25.06,25.19,18.07,3035200
2014-07-10,24.75,24.92,24.42,24.52,17.59,8649900
2014-07-11,24.48,24.54,24.29,24.43,17.52,4497100
2014-07-14,24.49,24.78,24.34,24.41,17.51,4580200
2014-07-15,24.46,24.68,24.29,24.4,17.5,4917400
2014-07-16,24.5,24.54,24.32,24.44,17.53,3589300
2014-07-17,24.37,24.69,24.15,24.16,17.33,3920400
2014-07-18,24.15,24.22,24.05,24.16,17.33,5602700
2014-07-21,24.15,24.28,24.1,24.23,17.38,3603800
2014-07-22,24.23,24.26,24.11,24.18,17.34,2583800
2014-07-23,24.26,24.26,24.05,24.13,17.31,3264200
2014-07-24,24.23,24.35,24.11,24.32,17.45,3213100
2014-07-25,24.18,24.31,24.14,24.19,17.35,3308200
2014-07-28,24.16,24.23,24.02,24.16,17.33,2985700
2014-07-29,24.15,24.24,23.83,23.84,17.1,3187500
2014-07-30,23.9,23.99,23.64,23.68,16.99,3161200
2014-07-31,23.82,23.9,23.44,23.44,16.81,4624000
2014-08-01,23.6,23.67,23.2,23.22,16.66,22511100
2014-08-04,23.3,23.48,23.2,23.42,16.8,11864700
2014-08-05,23.42,23.58,23.31,23.35,16.75,7201700
2014-08-06,23.3,23.55,23.3,23.42,16.8,3212900
2014-08-07,23.57,23.93,23.33,23.34,16.74,2522600
2014-08-08,23.38,23.74,23.34,23.71,17.01,2777100
2014-08-11,23.92,23.92,23.69,23.69,16.99,3878900
2014-08-12,23.72,23.81,23.65,23.8,17.07,2670500
2014-08-13,24.0,24.21,23.84,24.2,17.36,5693500
2014-08-14,24.53,24.59,24.32,24.49,17.57,3506600
2014-08-15,24.55,24.75,24.45,24.56,17.62,2960100
2014-08-18,24.62,24.76,24.6,24.68,17.7,3212700
2014-08-19,24.69,24.76,24.6,24.7,17.72,2475800
2014-08-20,24.62,24.72,24.58,24.71,17.72,2075000
2014-08-21,24.71,25.01,24.67,24.95,17.9,2486900
2014-08-22,24.91,24.96,24.71,24.79,17.78,2066600
2014-08-25,24.85,25.01,24.75,24.99,17.93,2011000
2014-08-26,25.05,25.05,24.9,24.96,17.9,1344300
2014-08-27,24.87,25.03,24.82,24.93,17.88,2285700
2014-08-28,24.86,25.02,24.8,24.91,17.87,1419000
2014-08-29,24.99,25.04,24.91,25.02,17.95,1688500
2014-09-02,25.42,25.47,25.12,25.16,18.05,3003700
2014-09-03,25.27,25.33,25.01,25.06,17.98,2168600
2014-09-04,25.1,25.16,24.97,25.04,17.96,2102500
2014-09-05,24.98,25.14,24.97,25.14,18.03,2348100
2014-09-08,25.13,25.15,24.9,24.96,17.9,2476800
2014-09-09,24.98,25.01,24.85,24.94,17.89,2189700
2014-09-10,24.95,25.02,24.86,24.92,17.88,4069200
2014-09-11,24.85,25.08,24.8,25.04,17.96,3141200
2014-09-12,25.06,25.26,24.99,25.06,17.98,3827200
2014-09-15,25.08,25.24,24.99,25.17,18.05,2081300
2014-09-16,25.14,25.32,25.1,25.21,18.08,2502700
2014-09-17,25.28,25.31,25.15,25.21,18.08,1748900
2014-09-18,25.33,25.5,25.27,25.47,18.27,1799500
2014-09-19,25.61,25.63,25.23,25.32,18.16,4015600
2014-09-22,25.26,25.36,25.17,25.31,18.16,2452400
2014-09-23,25.31,25.33,25.17,25.22,18.09,3284500
2014-09-24,25.23,25.51,25.2,25.39,18.21,2783400
2014-09-25,25.35,25.42,25.17,25.31,18.16,3498700
2014-09-26,25.33,25.54,25.22,25.46,18.26,1705700
2014-09-29,25.29,25.56,25.26,25.49,18.28,2310400
2014-09-30,25.46,25.5,25.23,25.28,18.13,1863100
2014-10-01,25.31,25.46,25.11,25.18,18.06,3012000
2014-10-02,25.17,25.43,25.14,25.35,18.18,2038100
2014-10-03,25.47,25.72,25.43,25.65,18.4,2125100
2014-10-06,25.76,25.78,25.48,25.6,18.36,2260700
2014-10-07,25.47,25.56,25.24,25.24,18.1,2596200
2014-10-08,25.24,25.65,25.21,25.65,18.4,2383000
2014-10-09,25.59,25.7,25.23,25.27,18.13,3720700
2014-10-10,25.25,25.55,25.0,25.0,17.93,4664900
2014-10-13,25.03,25.14,24.79,24.81,17.8,4764100
2014-10-14,24.93,25.01,24.75,24.85,17.83,3267600
2014-10-15,24.55,24.78,24.16,24.52,17.59,6113900
2014-10-16,24.23,24.65,24.17,24.43,17.52,5755100
2014-10-17,24.62,24.88,24.58,24.76,17.76,5313600
2014-10-20,24.67,24.93,24.62,24.87,17.84,2689100
2014-10-21,25.0,25.52,24.95,25.51,18.3,2792200
2014-10-22,25.47,25.71,25.34,25.34,18.18,2499200
2014-10-23,25.54,25.65,25.38,25.43,18.24,2271400
2014-10-24,25.4,25.9,25.37,25.87,18.56,4351800
2014-10-27,25.95,26.21,25.74,26.11,18.73,3453800
2014-10-28,26.16,26.29,25.94,26.27,18.84,2293600
2014-10-29,26.26,26.28,25.78,25.88,18.56,2884500
2014-10-30,25.78,26.08,25.69,25.99,18.64,2691700
2014-10-31,26.24,26.42,26.22,26.41,18.94,2454300
2014-11-03,26.41,26.5,26.24,26.49,19.0,2155700
2014-11-04,26.52,26.75,26.48,26.7,19.15,2223200
2014-11-05,26.8,26.89,26.63,26.88,19.28,2054500
2014-11-06,26.94,26.94,26.8,26.9,19.3,2104100
2014-11-07,26.89,26.99,26.79,26.86,19.27,2502600
2014-11-10,26.85,27.0,26.8,26.92,19.31,2097000
2014-11-11,26.98,26.98,26.72,26.75,19.19,2344200
2014-11-12,26.63,27.04,26.58,27.0,19.37,3667300
2014-11-13,27.07,27.2,27.0,27.18,19.5,3032000
2014-11-14,27.14,27.22,26.93,26.98,19.35,1753200
2014-11-17,26.98,27.0,26.82,26.98,19.35,1741600
2014-11-18,27.04,27.3,26.94,27.2,19.51,2359200
2014-11-19,27.09,27.13,26.87,27.11,19.45,2517600
2014-11-20,26.98,27.18,26.95,27.11,19.45,2039700
2014-11-21,27.32,27.38,27.14,27.35,19.62,2639600
2014-11-24,27.4,27.46,27.22,27.33,19.6,2051900
2014-11-25,27.34,27.39,27.09,27.22,19.53,2193200
2014-11-26,27.2,27.26,27.1,27.24,19.54,1431400
2014-11-28,27.35,27.52,27.23,27.24,19.54,1186500
2014-12-01,27.16,27.29,27.01,27.1,19.44,3322800
2014-12-02,27.08,27.33,27.08,27.26,19.55,2952300
2014-12-03,27.2,27.41,27.15,27.21,19.52,4923200
2014-12-04,27.23,27.34,27.12,27.22,19.53,3319500
2014-12-05,27.28,27.38,27.19,27.26,19.55,2888600
2014-12-08,27.3,27.48,27.23,27.28,19.57,4891000
2014-12-09,27.14,27.18,26.78,26.83,19.25,8200600
2014-12-10,26.84,27.01,26.7,26.76,19.2,7133300
2014-12-11,26.76,27.09,26.76,26.85,19.26,7369400
2014-12-12,26.7,26.85,26.39,26.39,18.93,3467200
2014-12-15,26.58,26.6,25.97,26.24,18.82,4084700
2014-12-16,26.03,26.11,25.44,25.75,18.47,8482800
2014-12-17,25.84,26.22,25.71,26.18,18.78,3922500
2014-12-18,26.44,26.76,26.27,26.76,19.2,3960100
2014-12-19,26.8,26.96,26.56,26.56,19.05,5573100
2014-12-22,26.64,26.84,26.54,26.74,19.18,2468900
2014-12-23,26.88,27.06,26.83,26.97,19.35,2266600
2014-12-24,27.06,27.06,26.92,26.92,19.31,938500
2014-12-26,27.02,27.13,26.92,27.01,19.37,1073200
2014-12-29,26.98,27.26,26.89,27.12,19.45,1415700
2014-12-30,27.13,27.28,27.02,27.22,19.53,1540200
2014-12-31,27.26,27.34,26.97,26.99,19.36,2253500
2015-01-02,27.09,27.23,26.78,27.04,19.4,2849900
2015-01-05,26.86,26.91,26.63,26.74,19.18,3425600
2015-01-06,26.75,26.82,26.39,26.41,18.94,3639400
2015-01-07,26.68,26.96,26.58,26.96,19.34,3606300
2015-01-08,27.17,27.51,27.1,27.5,19.73,2748100
2015-01-09,27.5,27.5,26.87,26.92,19.31,4678600
2015-01-12,26.89,26.99,26.45,26.54,19.04,2820500
2015-01-13,26.77,27.05,26.45,26.5,19.01,3467800
2015-01-14,26.4,26.44,25.96,26.03,18.67,6148900
2015-01-15,26.05,26.35,26.05,26.27,18.84,5020000
2015-01-16,26.07,26.37,25.97,26.37,18.92,4180900
2015-01-20,26.55,26.62,26.14,26.32,18.88,1983400
2015-01-21,26.21,26.37,26.03,26.19,18.79,2762600
2015-01-22,26.39,26.75,26.17,26.69,19.15,2516500
2015-01-23,26.73,26.77,26.48,26.49,19.0,1641300
2015-01-26,26.47,26.89,26.35,26.87,19.27,2921000
2015-01-27,26.63,26.92,26.53,26.69,19.15,2349900
2015-01-28,27.09,27.35,26.51,26.53,19.03,5805800
2015-01-29,26.58,26.69,26.2,26.65,19.12,3264500
2015-01-30,26.37,26.5,25.94,25.95,18.61,4914100
2015-02-02,25.46,25.87,25.23,25.85,19.05,3720300
2015-02-03,25.83,26.29,25.75,26.1,19.23,4049200
2015-02-04,26.0,26.28,25.97,26.1,19.23,3317100
2015-02-05,26.16,26.4,25.95,26.38,19.44,3472500
2015-02-06,26.4,26.53,26.19,26.38,19.44,3772700
2015-02-09,26.22,26.45,26.14,26.34,19.41,2597800
2015-02-10,26.5,26.55,26.32,26.46,19.5,2997400
2015-02-11,26.45,26.75,26.44,26.67,19.65,2686300
2015-02-12,26.71,27.07,26.69,27.05,19.93,3554900
2015-02-13,27.02,27.15,26.89,27.11,19.97,3222300
2015-02-17,27.13,27.15,26.7,26.74,19.7,3355900
2015-02-18,26.71,26.78,26.48,26.75,19.71,3402900
2015-02-19,26.68,26.75,26.49,26.71,19.68,2868200
2015-02-20,26.61,26.69,26.19,26.61,19.61,5153900
2015-02-23,26.6,26.6,26.38,26.56,19.57,2623800
2015-02-24,26.53,26.7,26.47,26.62,19.61,1763500
2015-02-25,26.66,26.69,26.52,26.57,19.58,1744500
2015-02-26,26.51,26.76,26.38,26.73,19.69,3034400
2015-02-27,26.66,26.76,26.6,26.65,19.64,2553600
2015-03-02,26.63,27.13,26.52,27.09,19.96,3564700
2015-03-03,26.93,27.04,26.66,26.79,19.74,2813400
2015-03-04,26.7,26.72,26.35,26.42,19.47,2581500
2015-03-05,26.45,26.55,26.35,26.54,19.55,2208300
2015-03-06,26.37,26.65,26.17,26.26,19.35,4490600
2015-03-09,26.24,26.45,26.24,26.41,19.46,1739100
2015-03-10,26.27,26.31,25.96,25.98,19.14,3519000
2015-03-11,25.98,26.38,25.92,26.32,19.39,2945800
2015-03-12,26.5,26.81,26.43,26.8,19.75,3331500
2015-03-13,26.69,26.76,26.35,26.49,19.52,2464500
2015-03-16,26.6,26.99,26.55,26.98,19.88,3232400
2015-03-17,26.86,27.07,26.81,27.03,19.92,2807100
2015-03-18,26.91,27.61,26.84,27.51,20.27,5820800
2015-03-19,27.47,27.68,27.37,27.53,20.28,4873500
2015-03-20,27.55,27.7,27.53,27.65,20.37,4922500
2015-03-23,27.68,27.9,27.62,27.68,20.39,2805900
2015-03-24,27.39,27.69,27.2,27.31,20.12,4542200
2015-03-25,27.35,27.47,27.07,27.07,19.94,3203500
2015-03-26,26.97,27.14,26.81,26.93,19.84,3592500
2015-03-27,26.92,27.07,26.84,27.03,19.92,2296900
2015-03-30,27.12,27.48,27.12,27.37,20.17,2708800
2015-03-31,27.18,27.34,26.99,27.2,20.04,3159800
2015-04-01,27.09,27.14,26.89,26.96,19.86,5389400
2015-04-02,27.01,27.07,26.8,26.84,19.78,3310900
2015-04-06,26.64,27.1,26.59,27.0,19.89,5665500
2015-04-07,27.04,27.05,26.8,26.81,19.75,2309700
2015-04-08,26.79,26.99,26.72,26.81,19.75,5634800
2015-04-09,26.81,26.96,26.72,26.76,19.72,4089000
2015-04-10,26.8,26.96,26.76,26.9,19.82,2865900
2015-04-13,26.9,27.06,26.79,26.83,19.77,2460000
2015-04-14,26.75,26.91,26.68,26.75,19.71,3383700
2015-04-15,27.12,27.38,26.9,27.19,20.03,5802000
2015-04-16,27.15,27.27,26.96,27.18,20.03,2473900
2015-04-17,26.95,27.03,26.63,26.75,19.71,3975700
2015-04-20,26.94,27.15,26.83,27.09,19.96,2614400
2015-04-21,27.11,27.18,26.72,26.76,19.72,2598400
2015-04-22,26.75,26.78,26.44,26.71,19.68,4263500
2015-04-23,26.66,26.91,26.6,26.81,19.75,1902800
2015-04-24,26.79,26.89,26.66,26.86,19.79,1761500
2015-04-27,26.99,26.99,26.56,26.58,19.58,3101800
2015-04-28,26.51,26.81,26.48,26.74,19.7,2722200
2015-04-29,26.56,26.66,26.44,26.55,19.56,2552900
2015-04-30,26.7,26.85,26.57,26.66,19.64,4381800
2015-05-01,26.75,27.0,26.62,26.97,19.87,2553800
2015-05-04,26.99,27.16,26.91,27.14,20.0,4119700
2015-05-05,27.11,27.21,26.98,27.09,19.96,3909600
2015-05-06,27.12,27.15,26.67,26.83,19.77,4108000
2015-05-07,26.83,27.01,26.74,26.95,19.86,3653700
2015-05-08,27.15,27.25,27.06,27.14,20.0,2582600
2015-05-11,27.05,27.17,26.96,27.06,19.94,2633000
2015-05-12,26.92,27.01,26.8,26.97,19.87,3547700
2015-05-13,26.96,27.07,26.81,27.0,19.89,2180000
2015-05-14,27.14,27.4,27.0,27.39,20.18,2926600
2015-05-15,27.41,27.55,27.17,27.23,20.06,5154100
2015-05-18,27.25,27.3,27.12,27.25,20.08,3068300
2015-05-19,27.31,27.32,27.15,27.27,20.09,2889800
2015-05-20,27.41,27.45,27.21,27.32,20.13,3617000
2015-05-21,27.23,27.42,27.16,27.35,20.15,2413400
2015-05-22,27.35,27.5,27.26,27.28,20.1,2635400
2015-05-26,27.24,27.33,27.07,27.1,19.97,4486000
2015-05-27,27.22,27.3,27.08,27.27,20.09,1800000
2015-05-28,27.18,27.43,27.16,27.42,20.2,6090300
2015-05-29,27.37,27.43,27.21,27.34,20.14,10815700
2015-06-01,27.43,27.5,27.3,27.34,20.14,4661700
2015-06-02,27.24,27.52,27.24,27.38,20.17,4569700
2015-06-03,27.48,27.59,27.35,27.59,20.33,2999300
2015-06-04,27.44,27.53,27.22,27.27,20.09,4997700
2015-06-05,27.38,27.45,27.19,27.31,20.12,6964300
2015-06-08,27.26,27.37,27.06,27.08,19.95,5832100
2015-06-09,27.03,27.07,26.88,26.98,19.88,5192200
2015-06-10,27.11,27.59,27.05,27.57,20.31,5261700
2015-06-11,27.6,27.87,27.54,27.83,20.5,2410100
2015-06-12,27.77,27.82,27.62,27.77,20.46,2001300
2015-06-15,27.56,27.72,27.48,27.59,20.33,3370500
2015-06-16,27.55,27.79,27.48,27.71,20.42,2028900
2015-06-17,27.82,27.94,27.64,27.87,20.53,3813400
2015-06-18,27.99,28.41,27.95,28.37,20.9,3613700
2015-06-19,28.18,28.43,28.07,28.08,20.69,4440100
2015-06-22,28.38,28.44,28.25,28.38,20.91,3458200
2015-06-23,28.38,28.5,28.29,28.45,20.96,2761800
2015-06-24,28.44,28.47,28.16,28.24,20.81,2557400
2015-06-25,28.23,28.3,27.99,28.17,20.76,3746300
2015-06-26,28.27,28.42,28.21,28.32,20.87,3323200
2015-06-29,28.0,28.16,27.78,27.81,20.49,3361000
2015-06-30,28.09,28.15,27.77,27.83,20.5,3367000
2015-07-01,28.78,28.78,28.29,28.44,20.95,5053900
2015-07-02,28.5,28.59,28.17,28.24,20.81,3268900
2015-07-06,27.94,28.43,27.92,28.38,20.91,3498000
2015-07-07,28.42,29.0,28.25,28.95,21.33,5553400
2015-07-08,28.8,29.02,28.62,28.72,21.16,4226900
2015-07-09,29.07,29.13,28.85,29.03,21.39,5223700
2015-07-10,29.31,29.47,29.26,29.39,21.65,3833100
2015-07-13,29.63,30.32,29.53,29.73,21.9,3499200
2015-07-14,29.65,29.82,29.63,29.78,21.94,3113600
2015-07-15,29.74,30.07,29.65,30.01,22.11,4031800
2015-07-16,30.29,30.4,30.02,30.18,22.24,7075100
2015-07-17,30.2,31.38,30.14,31.28,23.05,9790600
2015-07-20,30.92,31.42,30.67,30.76,22.66,8144000
2015-07-21,30.78,30.89,30.38,30.52,22.49,4897300
2015-07-22,30.54,30.69,30.47,30.62,22.56,3428700
2015-07-23,30.62,30.73,30.47,30.56,22.52,2813700
2015-07-24,30.51,30.62,30.45,30.51,22.48,2606200
2015-07-27,30.3,30.55,30.23,30.47,22.45,2462000
2015-07-28,30.7,30.73,30.32,30.43,22.42,2906400
2015-07-29,30.44,30.59,30.17,30.39,22.39,4353100
2015-07-30,30.34,30.51,30.21,30.49,22.46,3187100
2015-07-31,30.68,30.7,30.47,30.5,22.47,2272400
2015-08-03,30.49,30.62,30.4,30.62,22.56,1986100
2015-08-04,30.34,30.69,30.34,30.54,22.5,3210100
2015-08-05,30.75,30.84,30.53,30.74,22.65,3063000
2015-08-06,30.75,30.83,30.39,30.49,22.46,3328200
2015-08-07,30.4,30.59,30.3,30.57,22.52,2591000
2015-08-10,30.78,30.97,30.74,30.9,22.77,2406300
2015-08-11,30.64,31.05,30.63,30.93,22.79,3282700
2015-08-12,30.64,30.88,30.4,30.85,22.73,2599000
2015-08-13,31.0,31.13,30.64,31.0,22.84,2651000
2015-08-14,31.0,31.15,30.88,31.03,22.86,2547000
2015-08-17,30.9,31.25,30.75,31.24,23.02,1976100
2015-08-18,31.18,31.22,31.02,31.19,22.98,2639000
2015-08-19,31.1,31.57,31.0,31.45,23.17,5836500
2015-08-20,31.2,31.27,30.87,30.88,22.75,3609700
2015-08-21,30.66,30.67,29.96,29.96,22.07,5532700
2015-08-24,28.73,29.55,27.23,28.74,21.18,8233700
2015-08-25,29.25,29.51,28.53,28.55,21.04,5679800
2015-08-26,29.25,29.59,28.8,29.51,21.74,6306300
2015-08-27,29.91,30.38,29.74,30.25,22.29,4757000
2015-08-28,30.2,30.2,29.89,30.05,22.14,3122400
2015-08-31,30.02,30.1,29.84,29.96,22.07,2922500
2015-09-01,29.32,29.56,29.12,29.24,21.54,3673200
2015-09-02,29.6,29.68,29.34,29.67,21.86,3624900
2015-09-03,29.8,30.09,29.64,29.83,21.98,3127300
2015-09-04,29.46,29.61,29.32,29.47,21.71,3471500
2015-09-08,29.92,30.12,29.63,30.07,22.16,4202400
2015-09-09,30.32,30.42,29.64,29.68,21.87,3171400
2015-09-10,29.66,30.12,29.61,29.98,22.09,3144600
2015-09-11,29.85,30.24,29.82,30.23,22.27,2696700
2015-09-14,30.27,30.4,30.11,30.18,22.24,3611000
2015-09-15,30.31,30.63,30.18,30.58,22.53,2683500
2015-09-16,30.69,31.09,30.56,30.98,22.83,4110300
2015-09-17,31.08,31.7,31.02,31.34,23.09,5661700
2015-09-18,30.81,31.18,30.27,30.62,22.56,12851400
2015-09-21,30.98,31.25,30.78,30.92,22.78,3667100
2015-09-22,30.41,30.79,30.41,30.66,22.59,2866200
2015-09-23,30.63,30.8,30.52,30.68,22.6,2341900
2015-09-24,30.47,30.66,30.32,30.61,22.55,3069800
2015-09-25,31.02,31.13,30.5,30.67,22.6,4121700
2015-09-28,30.46,30.69,30.18,30.28,22.31,3945000
2015-09-29,30.29,30.47,29.9,30.44,22.43,5105500
2015-09-30,30.73,30.77,30.51,30.64,22.58,4341100
2015-10-01,30.72,30.95,30.34,30.67,22.6,3609200
2015-10-02,30.29,31.06,30.09,31.06,22.88,4147700
2015-10-05,31.28,31.43,31.04,31.39,23.13,3714700
2015-10-06,31.3,31.7,31.21,31.33,23.08,3636700
2015-10-07,31.49,31.64,31.36,31.62,23.3,2343000
2015-10-08,31.5,32.16,31.5,32.13,23.67,2510100
2015-10-09,32.1,32.29,31.98,32.08,23.64,3286800
2015-10-12,32.08,32.37,32.01,32.27,23.78,2071600
2015-10-13,32.18,32.4,32.02,32.09,23.64,2135100
2015-10-14,32.05,32.13,31.5,31.56,23.25,2357700
2015-10-15,31.81,32.02,31.55,31.83,23.45,4150400
2015-10-16,32.13,32.68,31.99,32.52,23.96,4036400
2015-10-19,32.45,32.73,32.35,32.68,24.08,2507900
2015-10-20,32.72,32.98,32.72,32.94,24.27,2021500
2015-10-21,33.0,33.11,32.65,32.68,24.08,2825000
2015-10-22,32.85,33.09,32.82,33.05,24.35,2486400
2015-10-23,33.18,33.25,32.94,33.05,24.35,2894700
2015-10-26,33.07,33.3,33.05,33.22,24.48,2174000
2015-10-27,33.0,33.18,32.93,33.18,24.45,3058800
2015-10-28,33.19,33.62,33.06,33.6,24.76,2301800
2015-10-29,33.54,33.95,33.51,33.64,24.79,2502500
2015-10-30,33.62,33.67,33.11,33.13,24.41,3852800
2015-11-02,33.27,33.67,33.14,33.63,24.78,3805500
2015-11-03,33.55,33.57,33.24,33.38,24.59,3109400
2015-11-04,33.4,33.5,33.12,33.15,24.42,2482100
2015-11-05,33.16,33.29,32.23,32.38,23.86,7335200
2015-11-06,31.79,32.17,31.32,32.01,23.58,7693200
2015-11-09,31.99,32.05,31.34,31.47,23.19,5092200
2015-11-10,31.48,31.75,31.24,31.45,23.17,5512500
2015-11-11,31.53,31.74,31.38,31.58,23.27,2602300
2015-11-12,31.41,31.53,31.03,31.04,22.87,3150200
2015-11-13,30.99,31.08,30.6,30.72,22.63,3243300
2015-11-16,30.4,30.94,30.13,30.93,22.79,3295000
2015-11-17,30.93,31.1,30.74,30.75,22.66,3105100
2015-11-18,30.69,31.45,30.43,31.4,23.14,4413800
2015-11-19,31.38,31.53,31.21,31.4,23.14,2343100
2015-11-20,31.51,31.84,31.43,31.58,23.27,2794400
2015-11-23,31.63,31.91,31.55,31.76,23.4,2719100
2015-11-24,31.51,31.8,31.48,31.74,23.39,2381700
2015-11-25,31.71,31.82,31.23,31.3,23.06,2188800
2015-11-27,31.28,31.29,31.07,31.12,22.93,1607900
2015-11-30,31.12,31.21,30.79,30.82,22.71,4894700
2015-12-01,30.7,31.17,30.69,31.17,22.97,4911000
2015-12-02,31.07,31.17,30.8,30.83,22.72,3480800
2015-12-03,30.87,30.92,30.31,30.39,22.39,4184800
2015-12-04,30.43,31.34,30.43,31.22,23.0,4293300
2015-12-07,31.17,31.27,30.87,31.02,22.86,2982900
2015-12-08,30.86,31.08,30.77,30.96,22.81,2835800
2015-12-09,30.81,31.16,30.5,30.66,22.59,3533000
2015-12-10,30.66,30.99,30.49,30.69,22.61,3011800
2015-12-11,30.3,30.55,30.15,30.29,22.32,2647300
2015-12-14,30.34,30.86,30.28,30.77,22.67,3641000
2015-12-15,30.99,31.19,30.66,30.95,22.8,4246400
2015-12-16,31.21,31.8,31.05,31.77,23.41,4238400
2015-12-17,32.03,32.06,31.42,31.48,23.19,3716700
2015-12-18,31.34,31.38,30.83,30.83,22.72,5719400
2015-12-21,31.03,31.37,30.81,31.12,22.93,2526800
2015-12-22,31.32,31.96,31.16,31.83,23.45,3021100
2015-12-23,31.93,32.04,31.78,32.0,23.58,2397400
2015-12-24,31.89,32.19,31.78,32.0,23.58,869000
2015-12-28,31.88,31.98,31.71,31.96,23.55,1734200
2015-12-29,32.19,32.48,32.03,32.46,23.92,2703300
2015-12-30,32.35,32.57,32.32,32.32,23.81,1598800
2015-12-31,32.14,32.2,31.79,31.8,23.43,1460600
2016-01-04,31.4,31.43,30.77,31.12,22.93,3266700
2016-01-05,31.12,31.58,31.0,31.41,23.14,6043500
2016-01-06,31.03,31.25,30.86,31.06,22.88,4206300
2016-01-07,30.61,30.94,30.37,30.53,22.49,4892900
2016-01-08,30.67,30.71,30.04,30.08,22.16,4178000
2016-01-11,30.29,30.74,30.25,30.64,22.58,3519600
2016-01-12,30.85,30.92,30.14,30.73,22.64,3083700
2016-01-13,30.88,30.92,30.05,30.11,22.18,2794900
2016-01-14,30.21,30.6,30.1,30.22,22.27,4102800
2016-01-15,29.48,30.08,29.48,29.91,22.04,4173800
2016-01-19,29.83,29.97,29.47,29.8,21.96,4456500
2016-01-20,29.47,30.01,29.32,29.68,21.87,5852400
2016-01-21,29.77,30.0,29.46,29.55,21.77,4218700
2016-01-22,29.93,30.06,29.68,29.95,22.07,3037000
2016-01-25,29.94,30.0,29.46,29.5,21.74,3749200
2016-01-26,29.62,29.93,29.38,29.49,21.73,3800000
2016-01-27,30.66,30.74,29.92,30.38,22.38,5831800
2016-01-28,30.62,30.8,29.91,30.72,22.63,4399900
2016-01-29,30.95,31.36,30.82,31.25,23.02,6877600
2016-02-01,29.97,30.66,29.97,30.48,23.11,6982100
2016-02-02,30.37,30.66,30.2,30.49,23.12,5102900
2016-02-03,30.66,30.66,29.99,30.42,23.07,5863300
2016-02-04,30.39,30.67,30.27,30.66,23.25,4987500
2016-02-05,30.66,30.95,30.49,30.7,23.28,3762200
2016-02-08,30.39,30.87,30.35,30.73,23.3,5718600
2016-02-09,30.47,31.31,30.45,30.88,23.42,7501200
2016-02-10,31.03,31.48,30.9,30.91,23.44,4266700
2016-02-11,30.41,30.68,30.19,30.23,22.92,5204000
2016-02-12,30.61,31.45,30.56,31.38,23.8,6632000
2016-02-16,31.7,31.72,31.27,31.65,24.0,5294100
2016-02-17,32.0,32.22,31.78,32.06,24.31,4908700
2016-02-18,32.06,32.12,31.78,31.95,24.23,3178500
2016-02-19,31.76,32.08,31.75,31.91,24.2,3188200
2016-02-22,32.16,32.28,31.84,32.03,24.29,2926700
2016-02-23,32.03,32.12,31.81,31.93,24.21,2888500
2016-02-24,31.68,31.9,31.45,31.85,24.15,3640900
2016-02-25,31.98,32.23,31.89,32.17,24.4,3029100
2016-02-26,32.35,32.35,31.87,32.11,24.35,3117600
2016-02-29,32.03,32.23,31.89,31.92,24.21,3707300
2016-03-01,32.16,32.6,32.05,32.57,24.7,3260200
2016-03-02,32.55,33.03,32.43,32.93,24.97,3732000
2016-03-03,32.98,33.54,32.98,33.49,25.4,7479000
2016-03-04,33.45,33.53,33.07,33.19,25.17,3659200
2016-03-07,33.04,33.38,33.01,33.33,25.28,3800100
2016-03-08,33.21,33.3,32.94,33.03,25.05,3916800
2016-03-09,33.2,33.31,32.94,33.03,25.05,1962800
2016-03-10,33.15,33.27,32.62,32.84,24.9,4260100
2016-03-11,33.12,33.22,32.83,33.21,25.18,5756100
2016-03-14,33.2,33.22,32.92,33.04,25.06,3522600
2016-03-15,32.85,33.31,32.81,33.28,25.24,3153200
2016-03-16,33.25,34.07,33.11,34.02,25.8,4386200
2016-03-17,34.08,34.53,33.78,34.46,26.13,3810900
2016-03-18,34.57,34.67,34.39,34.61,26.25,6531100
2016-03-21,34.5,34.97,34.46,34.93,26.49,3242800
2016-03-22,34.84,35.14,34.78,35.04,26.57,3645400
2016-03-23,34.99,35.27,34.92,35.17,26.67,3701300
2016-03-24,34.97,35.07,34.56,34.81,26.4,2504700
2016-03-28,34.8,35.1,34.76,35.03,26.56,2097500
2016-03-29,35.04,35.18,34.87,35.02,26.56,3320700
2016-03-30,35.17,35.26,34.86,35.03,26.56,2325500
2016-03-31,35.06,35.2,34.92,35.14,26.65,2877300
2016-04-01,35.12,35.5,34.96,35.48,26.91,2633400
2016-04-04,35.47,35.54,35.11,35.17,26.67,2747400
2016-04-05,35.07,35.17,34.65,34.65,26.28,4073700
2016-04-06,34.66,34.78,34.52,34.77,26.37,3518200
2016-04-07,34.65,34.67,34.27,34.41,26.09,3366000
2016-04-08,34.52,34.62,34.35,34.43,26.11,3791900
2016-04-11,34.5,34.67,34.24,34.28,26.0,1936700
2016-04-12,34.37,34.77,34.24,34.71,26.32,3670500
2016-04-13,34.84,34.95,34.39,34.76,26.36,3685500
2016-04-14,34.13,34.14,33.23,33.57,25.46,7797500
2016-04-15,33.52,33.54,33.23,33.43,25.35,4164600
2016-04-18,33.37,33.72,33.3,33.72,25.57,3837900
2016-04-19,33.79,33.94,33.63,33.75,25.59,3383000
2016-04-20,33.77,33.87,33.28,33.44,25.36,2510100
2016-04-21,33.31,33.41,32.67,32.72,24.81,3470100
2016-04-22,32.73,33.05,32.73,32.95,24.99,2387100
2016-04-25,32.82,32.91,32.67,32.86,24.92,2309500
2016-04-26,32.91,32.96,32.62,32.75,24.84,3172600
2016-04-27,32.8,32.95,32.63,32.79,24.87,2062100
2016-04-28,32.54,32.79,32.41,32.54,24.68,2179900
2016-04-29,32.4,32.68,32.26,32.6,24.72,2336900
2016-05-02,32.63,33.18,32.63,33.07,25.08,2217400
2016-05-03,32.78,33.22,32.67,33.18,25.16,2812600
2016-05-04,33.0,33.1,32.71,32.83,24.9,3243100
2016-05-05,32.95,33.34,32.76,32.88,24.93,3484800
2016-05-06,32.74,33.06,32.41,32.96,24.99,3161400
2016-05-09,32.92,33.27,32.78,33.15,25.14,2024100
2016-05-10,33.28,33.61,33.16,33.6,25.48,2208300
2016-05-11,33.52,33.64,33.13,33.15,25.14,2469500
2016-05-12,33.3,33.59,33.19,33.56,25.45,2467500
2016-05-13,33.42,33.51,33.17,33.24,25.21,2339700
2016-05-16,33.21,33.29,33.0,33.04,25.06,4540000
2016-05-17,33.02,33.2,32.73,32.82,24.89,4758900
2016-05-18,32.68,32.68,31.99,32.38,24.55,10880600
2016-05-19,32.24,32.69,32.06,32.56,24.69,4692600
2016-05-20,32.73,33.09,32.65,32.98,25.01,3655600
2016-05-23,32.94,33.06,32.86,32.99,25.02,3021400
2016-05-24,33.2,33.81,33.08,33.49,25.4,2874800
2016-05-25,33.52,33.58,33.22,33.26,25.22,2651300
2016-05-26,33.22,33.34,33.17,33.25,25.21,3123300
2016-05-27,33.26,33.32,33.17,33.25,25.21,3646800
2016-05-31,33.34,33.45,33.12,33.3,25.25,6316600
2016-06-01,33.22,33.45,33.16,33.4,25.33,3077600
2016-06-02,32.94,33.29,32.73,33.17,25.15,2721900
2016-06-03,32.81,32.99,32.6,32.88,24.93,2866300
2016-06-06,32.86,33.04,32.71,32.77,24.85,1642700
2016-06-07,32.87,32.95,32.52,32.53,24.67,2811300
2016-06-08,32.45,32.86,32.4,32.82,24.89,2207800
2016-06-09,32.71,32.91,32.63,32.86,24.92,2159000
2016-06-10,32.65,32.92,32.56,32.66,24.77,3293200
2016-06-13,32.68,32.85,32.29,32.33,24.52,2665900
2016-06-14,32.31,32.39,32.03,32.09,24.34,2877000
2016-06-15,32.03,32.17,31.69,31.75,24.08,3325000
2016-06-16,31.58,31.96,31.38,31.94,24.22,2017900
2016-06-17,31.81,31.93,31.67,31.81,24.12,2605000
2016-06-20,32.06,32.27,31.82,31.85,24.15,2490100
2016-06-21,31.98,32.14,31.84,32.04,24.3,2011300
2016-06-22,31.96,32.24,31.96,32.03,24.29,1821300
2016-06-23,32.34,32.49,32.15,32.49,24.64,1904000
2016-06-24,31.45,32.02,31.28,31.68,24.02,5671400
2016-06-27,31.34,31.6,31.14,31.36,23.78,4101500
2016-06-28,31.5,31.97,31.33,31.97,24.24,2433600
2016-06-29,32.16,32.69,32.16,32.63,24.74,3572600
2016-06-30,32.68,33.5,32.6,33.5,25.4,3543400
2016-07-01,33.48,33.5,33.15,33.24,25.21,2364800
2016-07-05,32.97,33.19,32.88,33.03,25.05,1973400
2016-07-06,32.97,33.14,32.86,33.11,25.11,2196000
2016-07-07,33.11,33.36,33.07,33.14,25.13,3533900
2016-07-08,33.44,33.74,33.1,33.69,25.55,3132200
2016-07-11,33.73,33.86,33.51,33.51,25.41,2318300
2016-07-12,33.58,33.74,33.23,33.26,25.22,3229500
2016-07-13,33.28,33.56,33.17,33.27,25.23,2963400
2016-07-14,33.64,33.86,33.25,33.46,25.37,4122400
2016-07-15,33.56,33.56,33.06,33.1,25.1,2295800
2016-07-18,33.0,33.09,32.8,32.84,24.9,2337800
2016-07-19,32.75,32.88,32.64,32.87,24.93,1889600
2016-07-20,32.89,33.04,32.8,32.8,24.87,1786600
2016-07-21,32.67,32.87,32.58,32.65,24.76,2621700
2016-07-22,32.74,33.08,32.73,33.07,25.08,1502900
2016-07-25,33.07,33.09,32.89,32.94,24.98,1831300
2016-07-26,32.94,33.06,32.56,32.64,24.75,2052900
2016-07-27,32.61,32.76,32.57,32.62,24.74,2333900
2016-07-28,32.58,32.76,32.54,32.64,24.75,2118000
2016-07-29,32.6,32.74,32.47,32.51,24.65,3175800
2016-08-01,32.51,32.61,32.44,32.5,24.65,2433100
2016-08-02,32.46,32.64,32.34,32.55,24.68,2891800
2016-08-03,32.65,33.09,32.55,33.01,25.03,4301900
2016-08-04,33.08,33.68,32.96,33.51,25.41,4148500
2016-08-05,33.75,34.12,33.66,34.12,25.87,2686200
2016-08-08,34.12,34.22,33.97,34.14,25.89,2004000
2016-08-09,33.97,34.29,33.88,34.1,25.86,2236000
2016-08-10,33.97,34.17,33.95,34.01,25.79,1823400
2016-08-11,34.1,34.19,33.94,34.09,25.85,1689600
2016-08-12,34.06,34.15,33.96,33.97,25.76,1193700
2016-08-15,33.97,34.07,33.84,33.86,25.68,1738200
2016-08-16,33.86,33.95,33.57,33.6,25.48,1837100
2016-08-17,33.06,33.5,33.0,33.17,25.15,3240400
2016-08-18,33.1,33.27,32.99,33.22,25.19,2277900
2016-08-19,33.1,33.12,32.87,32.92,24.96,2188100
2016-08-22,32.82,32.89,32.51,32.77,24.85,2051000
2016-08-23,32.65,32.7,32.23,32.33,24.52,3879700
2016-08-24,32.25,32.38,32.13,32.19,24.41,1778300
2016-08-25,32.2,32.51,32.06,32.33,24.52,2109700
2016-08-26,32.39,32.6,32.12,32.24,24.45,2029900
2016-08-29,32.28,32.55,32.28,32.54,24.68,1484300
2016-08-30,32.58,32.64,32.45,32.62,24.74,1438000
2016-08-31,32.62,32.78,32.36,32.56,24.69,2406300
2016-09-01,32.58,32.72,32.32,32.52,24.66,2299300
2016-09-02,32.6,32.74,32.31,32.47,24.62,2333500
2016-09-06,32.55,32.55,32.11,32.35,24.53,2519400
2016-09-07,32.36,32.38,32.04,32.32,24.51,2810200
2016-09-08,32.2,32.27,31.99,32.0,24.27,2009500
2016-09-09,31.72,31.73,31.24,31.24,23.69,3377600
2016-09-12,31.05,31.62,31.02,31.5,23.89,4242800
2016-09-13,31.17,31.29,30.98,31.05,23.55,4143100
2016-09-14,31.1,31.15,30.68,30.77,23.33,3981500
2016-09-15,30.7,31.28,30.54,31.09,23.58,4475000
2016-09-16,31.06,31.44,30.92,31.13,23.61,6606300
2016-09-19,31.14,31.25,30.84,31.1,23.58,2867900
2016-09-20,31.3,31.36,31.02,31.02,23.52,2013300
2016-09-21,31.11,31.21,30.88,31.19,23.65,3109900
2016-09-22,31.25,31.37,31.2,31.27,23.71,3087600
2016-09-23,31.11,31.27,31.1,31.15,23.62,3035400
2016-09-26,30.99,31.34,30.97,31.22,23.68,3006700
2016-09-27,31.23,31.53,31.13,31.43,23.83,3574600
2016-09-28,31.46,31.55,31.28,31.53,23.91,1763400
2016-09-29,31.48,31.56,31.13,31.25,23.7,2460400
2016-09-30,31.41,31.63,31.32,31.5,23.89,2790600
2016-10-03,31.35,31.42,30.96,31.14,23.61,2622400
2016-10-04,31.14,31.14,30.74,30.88,23.42,2753200
2016-10-05,31.03,31.32,31.03,31.23,23.68,2975400
2016-10-06,31.25,31.26,30.63,31.03,23.53,3911900
2016-10-07,31.03,31.65,31.01,31.44,23.84,3702100
2016-10-10,31.63,31.63,31.39,31.41,23.82,1734500
2016-10-11,31.32,31.48,31.02,31.12,23.6,2690500
2016-10-12,31.12,31.7,31.1,31.67,24.02,2422700
2016-10-13,32.22,32.6,32.18,32.48,24.63,4808200
2016-10-14,32.92,33.03,32.62,32.73,24.82,3957900
2016-10-17,32.71,32.75,32.37,32.46,24.62,2707000
2016-10-18,32.74,32.77,31.98,32.08,24.33,3743200
2016-10-19,32.11,32.25,31.98,32.24,24.45,3160200
2016-10-20,32.15,32.31,31.97,32.01,24.27,3100300
2016-10-21,31.75,31.96,31.68,31.88,24.18,3141000
2016-10-24,32.05,32.15,31.85,31.96,24.24,1939900
2016-10-25,31.92,31.96,31.76,31.87,24.17,1876100
2016-10-26,31.83,32.12,31.76,31.98,24.25,1412700
2016-10-27,32.03,32.1,31.65,31.65,24.0,1821100
2016-10-28,31.69,31.83,31.22,31.46,23.86,2512100
2016-10-31,31.58,31.6,31.38,31.51,23.9,2461900
2016-11-01,31.73,31.73,31.13,31.27,23.71,2252500
2016-11-02,31.19,31.34,31.06,31.12,23.6,2028600
2016-11-03,31.24,31.53,31.18,31.35,23.77,2647800
2016-11-04,31.35,31.37,30.99,31.11,23.59,2983500
2016-11-07,31.47,31.5,31.22,31.45,23.85,2053500
2016-11-08,31.44,32.05,31.32,31.98,24.25,2594300
2016-11-09,31.9,32.2,31.62,32.08,24.33,3747400
2016-11-10,32.21,33.03,32.13,33.0,25.03,4208200
2016-11-11,32.91,33.27,32.86,33.21,25.18,3030500
2016-11-14,33.29,33.57,33.13,33.4,25.33,3367300
2016-11-15,33.37,33.51,33.24,33.34,25.28,3129900
2016-11-16,33.15,33.27,32.41,32.56,24.69,5138600
2016-11-17,32.65,33.03,32.54,32.93,24.97,3390200
2016-11-18,32.92,33.23,32.87,32.94,24.98,2779100
2016-11-21,32.94,33.09,32.77,32.94,24.98,1790700
2016-11-22,33.03,33.41,32.93,33.26,25.22,2986400
2016-11-23,33.26,33.45,33.19,33.4,25.33,1933700
2016-11-25,33.41,33.49,33.34,33.45,25.37,702800
2016-11-28,33.27,33.53,33.27,33.42,25.34,2120900
2016-11-29,33.46,33.59,33.29,33.58,25.46,2439600
2016-11-30,33.6,33.7,33.27,33.3,25.25,5265600
2016-12-01,33.28,33.69,33.28,33.63,25.5,2490500
2016-12-02,33.63,33.7,33.43,33.54,25.43,1760000
2016-12-05,33.68,33.7,33.28,33.32,25.27,3038700
2016-12-06,33.34,33.59,33.33,33.44,25.36,7083100
2016-12-07,33.54,33.9,33.42,33.86,25.68,3773800
2016-12-08,33.91,34.2,33.75,34.05,25.82,2477500
2016-12-09,34.09,34.28,33.86,34.27,25.99,2830700
2016-12-12,34.29,34.67,34.23,34.53,26.19,3538100
2016-12-13,34.61,34.61,34.36,34.41,26.09,2446800
2016-12-14,34.41,35.37,34.37,35.09,26.61,8591600
2016-12-15,35.19,35.66,35.11,35.47,26.9,4447700
2016-12-16,35.56,35.85,35.47,35.72,27.09,7491700
2016-12-19,35.81,35.86,35.66,35.69,27.07,3218900
2016-12-20,35.74,35.86,35.68,35.74,27.1,1962300
2016-12-21,35.72,35.95,35.67,35.73,27.1,1897700
2016-12-22,35.71,35.82,35.56,35.62,27.01,2862500
2016-12-23,35.65,35.72,35.46,35.6,27.0,2689200
2016-12-27,35.62,35.78,35.51,35.73,27.1,1239700
2016-12-28,35.68,35.81,35.45,35.47,26.9,1366900
2016-12-29,35.5,35.6,35.33,35.51,26.93,1318100
2016-12-30,35.6,35.62,35.4,35.5,26.92,1561400
2017-01-03,35.74,35.78,35.23,35.53,26.94,2993300
2017-01-04,35.63,35.95,35.63,35.85,27.19,2915700
2017-01-05,35.93,35.95,35.55,35.84,27.18,2348800
2017-01-06,35.8,36.18,35.77,36.03,27.32,2147000
2017-01-09,35.98,35.98,35.72,35.72,27.09,1876300
2017-01-10,35.98,36.5,35.81,36.32,27.54,3641700
2017-01-11,36.23,36.59,36.22,36.47,27.66,3412000
2017-01-12,36.3,36.3,35.96,36.2,27.45,2388000
2017-01-13,36.32,36.5,36.22,36.25,27.49,1208200
2017-01-17,36.1,36.28,35.85,35.98,27.28,2367800
2017-01-18,36.12,36.43,35.95,36.35,27.57,2113400
2017-01-19,36.41,36.46,36.19,36.38,27.59,2310100
2017-01-20,36.39,36.65,36.37,36.54,27.71,2233700
2017-01-23,36.52,36.52,36.17,36.44,27.63,3011300
2017-01-24,36.52,36.66,36.28,36.61,27.76,2946500
2017-01-25,36.77,37.91,36.67,37.77,28.64,5169800
2017-01-26,37.87,38.05,37.73,38.04,28.85,2772900
2017-01-27,38.05,38.17,37.87,38.0,28.82,2140900
2017-01-30,37.97,37.97,37.41,37.49,28.43,3223100
2017-01-31,37.5,37.57,37.22,37.44,28.39,3354900
2017-02-01,36.84,37.25,36.74,36.94,28.53,3494600
2017-02-02,36.89,37.25,36.78,37.09,28.65,3522600
2017-02-03,37.41,37.49,36.99,37.13,28.68,4121300
2017-02-06,36.96,37.18,36.93,37.01,28.59,2124900
2017-02-07,37.1,37.16,36.78,37.04,28.61,2643400
2017-02-08,37.01,37.1,36.84,36.97,28.56,2070300
2017-02-09,36.97,37.36,36.88,37.32,28.83,2149400
2017-02-10,37.22,37.72,37.22,37.66,29.09,2575300
2017-02-13,37.72,37.75,37.45,37.6,29.04,2515300
2017-02-14,37.6,37.61,37.29,37.45,28.93,2320400
2017-02-15,37.75,38.44,37.75,38.39,29.65,4086900
2017-02-16,38.41,38.61,38.27,38.61,29.82,2445800
2017-02-17,38.53,38.6,38.36,38.57,29.79,1977000
2017-02-21,38.63,38.97,38.59,38.93,30.07,2315800
2017-02-22,38.74,38.85,38.54,38.84,30.0,2126800
2017-02-23,38.81,39.21,38.74,39.09,30.19,3470800
2017-02-24,38.9,39.2,38.82,39.05,30.16,1976300
2017-02-27,39.11,39.21,38.77,38.9,30.05,1663300
2017-02-28,38.79,39.26,38.76,39.18,30.26,4195000
2017-03-01,39.69,39.91,39.52,39.87,30.8,4113800
2017-03-02,39.83,39.94,39.63,39.68,30.65,2345100
2017-03-03,39.59,39.84,39.53,39.83,30.76,1859000
2017-03-06,39.6,39.73,39.4,39.41,30.44,2079700
2017-03-07,39.45,39.57,39.27,39.32,30.37,2215200
2017-03-08,39.44,39.46,39.24,39.31,30.36,2479000
2017-03-09,39.4,39.4,39.24,39.35,30.39,2696600
2017-03-10,39.54,39.57,39.34,39.54,30.54,3515900
2017-03-13,39.52,39.69,39.46,39.68,30.65,2786200
2017-03-14,39.6,39.88,39.53,39.76,30.71,2135100
2017-03-15,39.86,40.21,39.77,40.16,31.02,2558300
2017-03-16,40.12,40.32,39.99,40.03,30.92,2148100
2017-03-17,40.08,40.47,39.99,40.31,31.13,3869800
2017-03-20,40.61,40.72,39.97,40.22,31.07,6642600
2017-03-21,40.74,40.74,39.91,40.02,30.91,5255800
2017-03-22,40.14,40.26,39.66,39.8,30.74,2823300
2017-03-23,39.75,40.04,39.56,39.57,30.56,3769700
2017-03-24,39.63,39.86,39.35,39.53,30.53,2557900
2017-03-27,39.12,39.54,39.06,39.48,30.49,2048700
2017-03-28,39.39,39.91,39.34,39.85,30.78,4823500
2017-03-29,39.73,39.73,39.29,39.38,30.42,2758800
2017-03-30,39.35,39.58,39.29,39.48,30.49,2369500
2017-03-31,39.38,39.38,38.93,39.18,30.26,3413200
2017-04-03,39.24,39.37,38.93,39.28,30.34,3749500
2017-04-04,39.3,39.35,39.04,39.26,30.32,2876700
2017-04-05,39.45,39.57,39.21,39.25,30.32,2324900
2017-04-06,39.28,39.46,39.0,39.25,30.32,5279500
2017-04-07,39.1,39.45,39.06,39.29,30.35,3375700
2017-04-10,39.56,39.68,39.48,39.61,30.59,2023600
2017-04-11,39.46,39.52,39.23,39.51,30.52,2513500
2017-04-12,39.32,39.36,38.93,39.28,30.34,2459700
2017-04-13,39.29,39.51,39.11,39.29,30.35,2706800
2017-04-17,39.4,39.59,39.2,39.56,30.56,2713700
2017-04-18,39.2,39.6,38.61,39.01,30.13,7093900
2017-04-19,39.13,39.29,38.8,38.87,30.02,3923600
2017-04-20,38.93,39.52,38.85,39.41,30.44,2996400
2017-04-21,39.4,39.46,39.16,39.38,30.42,3248600
2017-04-24,39.93,39.98,39.48,39.71,30.67,1653600
2017-04-25,39.82,39.96,39.8,39.92,30.83,1961900
2017-04-26,39.87,40.22,39.83,39.98,30.88,1664600
2017-04-27,40.07,40.24,39.9,40.1,30.97,1991700
2017-04-28,40.11,40.11,39.69,39.72,30.68,1574200
2017-05-01,39.83,39.9,39.59,39.77,30.72,1840800
2017-05-02,39.81,39.87,39.29,39.41,30.44,2620600
2017-05-03,39.41,40.13,39.37,40.05,30.93,3249400
2017-05-04,40.18,40.38,39.93,40.37,31.18,2969900
2017-05-05,40.41,40.76,40.32,40.74,31.47,3556800
2017-05-08,40.75,40.94,40.49,40.58,31.34,2531300
2017-05-09,40.52,40.72,40.23,40.32,31.14,2667300
2017-05-10,40.21,40.58,40.15,40.53,31.3,2246000
2017-05-11,40.35,40.37,39.99,40.23,31.07,2190100
2017-05-12,40.1,40.3,39.91,39.98,30.88,1988900
2017-05-15,40.15,40.33,40.04,40.22,31.07,2128700
2017-05-16,40.25,40.32,40.06,40.12,30.99,2756600
2017-05-17,40.12,41.2,38.75,41.16,31.79,4289200
2017-05-18,41.39,41.65,41.25,41.57,32.11,4466100
2017-05-19,41.61,41.74,41.05,41.1,31.75,4780500
2017-05-22,41.26,41.79,41.26,41.52,32.07,2875100
2017-05-23,41.54,41.65,41.37,41.55,32.09,3944200
2017-05-24,41.57,41.85,41.53,41.82,32.3,2230200
2017-05-25,41.93,42.35,41.84,42.27,32.65,1905500
2017-05-26,42.32,42.44,42.13,42.3,32.67,2430900
2017-05-30,42.14,42.33,42.1,42.22,32.61,1496500
2017-05-31,42.26,42.46,42.17,42.43,32.77,4754900
2017-06-01,42.49,42.76,42.32,42.76,33.03,2359800
2017-06-02,42.79,43.14,42.69,43.08,33.27,2515500
2017-06-05,43.04,43.22,42.89,43.06,33.26,1911800
2017-06-06,42.91,43.26,42.85,42.96,33.18,2488600
2017-06-07,43.21,43.23,42.93,42.95,33.17,2042200
2017-06-08,42.95,43.13,42.8,43.06,33.26,3612800
2017-06-09,43.12,43.52,43.02,43.48,33.58,2433000
2017-06-12,43.44,43.7,43.19,43.68,33.74,2727500
2017-06-13,43.65,43.82,43.54,43.61,33.68,2686600
2017-06-14,43.53,44.52,43.47,44.41,34.3,3245600
2017-06-15,44.38,44.74,44.28,44.74,34.56,2363000
2017-06-16,44.76,44.88,44.53,44.83,34.63,3083900
2017-06-19,45.03,45.03,44.41,44.7,34.53,4931800
2017-06-20,44.72,44.82,44.37,44.41,34.3,1915100
2017-06-21,44.56,44.56,44.36,44.47,34.35,2748500
2017-06-22,44.27,44.42,43.99,44.09,34.05,2472200
2017-06-23,44.15,44.48,43.94,44.39,34.29,14861500
2017-06-26,44.46,44.67,44.31,44.56,34.42,2355300
2017-06-27,44.53,44.71,44.4,44.63,34.47,2587700
2017-06-28,44.83,44.86,44.45,44.53,34.39,2294800
2017-06-29,44.7,44.74,43.99,44.15,34.1,2081600
2017-06-30,44.35,44.51,44.07,44.09,34.05,2449000
2017-07-03,44.21,44.81,44.21,44.31,34.22,1208200
2017-07-05,44.43,44.8,44.16,44.76,34.57,2891200
2017-07-06,44.75,44.85,44.38,44.43,34.32,4703300
2017-07-07,44.47,45.17,44.43,44.99,34.75,2192000
2017-07-10,44.76,45.11,44.76,45.0,34.76,3246100
2017-07-11,45.03,45.11,44.55,44.58,34.43,2248900
2017-07-12,44.67,44.95,44.5,44.86,34.65,2784200
2017-07-13,46.33,46.33,44.87,45.2,34.91,4589800
2017-07-14,45.08,45.63,45.0,45.58,35.21,2982200
2017-07-17,45.58,45.58,45.17,45.45,35.1,5069700
2017-07-18,45.25,45.94,45.24,45.34,35.02,4987600
2017-07-19,45.48,45.67,45.28,45.67,35.27,2349200
2017-07-20,45.67,46.53,45.55,46.48,35.9,3142000
2017-07-21,46.38,46.46,46.21,46.36,35.81,2876800
2017-07-24,46.42,46.88,46.36,46.78,36.13,1940500
2017-07-25,47.12,47.18,46.68,46.91,36.23,1766000
2017-07-26,46.97,47.0,46.39,46.51,35.92,2226600
2017-07-27,46.5,46.56,46.08,46.28,35.75,2915700
2017-07-28,46.33,47.28,46.33,47.22,36.47,3113000
2017-07-31,47.3,47.38,47.04,47.13,36.4,2744000
2017-08-01,47.26,47.28,47.02,47.26,36.5,2310400
2017-08-02,47.32,47.52,47.13,47.22,36.47,2492000
2017-08-03,47.23,47.68,47.09,47.61,36.77,3017200
2017-08-04,47.75,47.75,47.52,47.71,36.85,1817600
2017-08-07,47.73,47.75,47.53,47.67,36.82,1965100
2017-08-08,47.58,47.77,47.5,47.64,36.8,2378300
2017-08-09,47.61,48.04,47.59,48.04,37.11,2786200
2017-08-10,47.83,47.94,47.55,47.71,36.85,2485500
2017-08-11,47.7,47.94,47.17,47.23,36.48,2943200
2017-08-14,47.51,47.81,47.4,47.77,36.9,1481000
2017-08-15,47.79,47.86,47.48,47.59,36.76,2158100
2017-08-16,47.95,48.95,47.65,48.71,37.62,3892300
2017-08-17,48.76,48.98,48.44,48.51,37.47,3891300
2017-08-18,48.43,48.9,48.3,48.63,37.56,3466100
2017-08-21,48.63,48.77,48.1,48.69,37.61,2615000
2017-08-22,48.71,48.98,48.59,48.89,37.76,2501000
2017-08-23,48.73,49.01,48.73,48.83,37.72,1721300
2017-08-24,48.94,48.94,48.24,48.26,37.28,2619000
2017-08-25,48.43,48.74,48.38,48.4,37.38,2406400
2017-08-28,47.45,47.75,46.98,47.31,36.54,6050100
2017-08-29,47.15,47.64,47.14,47.63,36.79,3208800
2017-08-30,47.6,47.78,46.4,46.57,35.97,5079100
2017-08-31,46.52,46.8,46.38,46.48,35.9,4557200
2017-09-01,46.52,46.68,45.64,45.66,35.27,6624400
2017-09-05,45.28,45.33,43.98,44.11,34.07,7658500
2017-09-06,44.2,45.54,44.12,44.94,34.71,5991400
2017-09-07,44.92,44.92,43.59,43.73,33.78,5818000
2017-09-08,43.6,45.51,43.6,45.41,35.07,7058900
2017-09-11,46.49,47.55,46.24,46.42,35.85,7352400
2017-09-12,46.3,46.62,45.96,46.58,35.98,4302700
2017-09-13,46.23,46.37,45.74,46.14,35.64,3098600
2017-09-14,46.09,46.09,45.43,46.07,35.58,3167800
2017-09-15,46.07,46.45,45.96,46.02,35.55,3690400
2017-09-18,46.17,46.33,45.9,46.31,35.77,3153100
2017-09-19,47.14,48.3,47.14,47.63,36.79,6611400
2017-09-20,47.67,48.01,47.5,47.7,36.84,5060800
2017-09-21,47.64,48.13,47.58,47.68,36.83,3923300
2017-09-22,47.61,48.02,47.42,47.98,37.06,3044100
2017-09-25,47.93,48.06,47.61,48.0,37.07,4710000
2017-09-26,47.91,48.29,47.8,47.85,36.96,2941600
2017-09-27,48.13,48.3,47.61,47.71,36.85,2857100
2017-09-28,47.69,48.08,47.57,48.06,37.12,4015000
2017-09-29,47.96,48.44,47.86,48.42,37.4,1974600
2017-10-02,48.39,49.19,48.36,49.03,37.87,3457100
2017-10-03,48.92,49.1,48.79,49.07,37.9,2542800
2017-10-04,49.01,49.3,48.94,49.17,37.98,3555400
2017-10-05,49.21,49.26,48.99,49.05,37.89,2757500
2017-10-06,49.1,49.41,48.94,49.28,38.06,1815200
2017-10-09,49.34,49.75,49.17,49.45,38.19,2292200
2017-10-10,49.44,49.63,49.16,49.37,38.13,2197500
2017-10-11,49.29,49.36,48.96,49.25,38.04,2336600
2017-10-12,49.32,49.41,48.7,48.75,37.65,3064800
2017-10-13,48.84,49.16,48.64,48.67,37.59,3216300
2017-10-16,48.67,49.12,48.67,48.98,37.83,3142500
2017-10-17,49.0,49.47,48.08,48.55,37.5,5517400
2017-10-18,48.86,48.98,47.89,48.09,37.14,4103900
2017-10-19,48.04,48.7,47.92,48.69,37.61,2502700
2017-10-20,48.97,49.02,48.52,48.91,37.78,3089700
2017-10-23,48.98,49.06,48.76,48.9,37.77,3002900
2017-10-24,48.99,49.28,48.84,49.03,37.87,3221400
2017-10-25,48.9,49.01,48.56,48.61,37.55,2827900
2017-10-26,48.87,49.25,48.67,49.15,37.96,2883100
2017-10-27,48.95,49.12,48.66,48.9,37.77,2683200
2017-10-30,48.79,49.11,48.66,48.66,37.58,2385100
2017-10-31,48.7,48.93,48.59,48.65,37.58,2690000
2017-11-01,48.85,48.93,48.69,48.8,37.69,1873500
2017-11-02,48.88,50.14,48.84,49.31,38.09,3538300
2017-11-03,49.18,50.27,49.15,50.15,38.74,3884800
2017-11-06,49.81,50.4,49.74,50.21,38.78,3272600
2017-11-07,50.31,51.0,50.29,50.49,39.0,1831000
2017-11-08,50.4,50.72,50.28,50.55,39.04,1778800
2017-11-09,50.39,50.73,50.14,50.64,39.11,1939300
2017-11-10,50.48,50.86,50.18,50.75,39.2,1292300
2017-11-13,50.55,51.21,50.4,51.1,39.47,3418900
2017-11-14,50.8,51.54,50.72,51.28,39.61,2894800
2017-11-15,51.17,51.89,50.95,51.65,39.89,3130400
2017-11-16,52.0,52.08,51.43,51.57,39.83,2940100
2017-11-17,51.39,51.68,51.32,51.55,39.82,2240700
2017-11-20,51.65,51.9,51.55,51.82,40.03,2015200
2017-11-21,52.0,52.26,51.75,51.87,40.06,4230000
2017-11-22,51.88,51.88,51.48,51.68,39.92,2078700
2017-11-24,51.86,51.95,51.61,51.85,40.05,1726300
2017-11-27,51.93,52.24,51.86,52.07,40.22,2086800
2017-11-28,52.05,52.82,52.02,52.78,40.77,3747800
2017-11-29,52.92,53.29,52.4,52.45,40.51,3706100
2017-11-30,52.74,53.71,52.51,53.18,41.08,5779000
2017-12-01,53.33,54.0,52.55,53.6,41.4,3301900
2017-12-04,54.19,54.54,54.04,54.36,41.99,3373600
2017-12-05,54.5,54.75,54.14,54.25,41.9,3880700
2017-12-06,54.27,54.67,54.08,54.59,42.16,1935100
2017-12-07,54.52,54.84,54.4,54.52,42.11,1993200
2017-12-08,54.77,54.99,54.57,54.99,42.47,1609700
2017-12-11,54.88,54.99,54.45,54.88,42.39,2571600
2017-12-12,55.18,55.81,55.03,55.15,42.6,4154700
2017-12-13,55.24,56.23,55.15,55.86,43.15,3407800
2017-12-14,56.18,56.19,55.0,55.14,42.59,3069100
2017-12-15,55.33,55.8,55.2,55.46,42.84,5616800
2017-12-18,55.51,55.78,55.1,55.2,42.64,2511200
2017-12-19,55.51,55.91,55.31,55.79,43.09,2613700
2017-12-20,55.94,56.28,55.79,56.17,43.38,2691200
2017-12-21,56.51,57.18,55.65,55.8,43.1,2610800
2017-12-22,55.95,56.18,55.64,56.09,43.32,1714800
2017-12-26,56.03,56.3,55.99,56.22,43.42,1235000
2017-12-27,56.3,56.69,56.22,56.36,43.53,1865600
2017-12-28,56.53,56.7,56.14,56.51,43.65,1314700
2017-12-29,56.52,56.64,56.32,56.32,43.5,1375200
2018-01-02,56.46,56.46,55.07,55.36,42.76,2715500
2018-01-03,55.32,55.56,54.86,55.33,42.74,3247300
2018-01-04,55.43,55.8,55.1,55.32,42.73,2573300
2018-01-05,55.44,55.59,54.87,55.53,42.89,3264800
2018-01-08,55.61,55.82,55.32,55.7,43.02,3075600
2018-01-09,55.81,56.57,55.77,56.17,43.38,3823600
2018-01-10,56.06,56.2,55.44,55.68,43.01,3212700
2018-01-11,55.84,56.04,55.5,55.66,42.99,2087100
2018-01-12,55.82,56.1,55.37,55.94,43.21,2659800
2018-01-16,56.08,56.53,55.88,56.27,43.46,3800300
2018-01-17,56.48,57.4,56.23,57.23,44.2,3169500
2018-01-18,57.24,57.44,56.91,57.29,44.25,2042900
2018-01-19,57.51,57.85,57.34,57.66,44.54,3847600
2018-01-22,57.85,58.25,57.79,58.22,44.97,2632800
2018-01-23,58.17,58.25,56.33,57.05,44.06,4611300
2018-01-24,57.63,57.63,54.01,55.33,42.74,7594900
2018-01-25,55.7,55.81,55.08,55.76,43.07,4766600
2018-01-26,55.98,56.76,54.05,54.83,42.35,5802800
2018-01-29,54.76,54.85,53.09,53.13,41.04,7824800
2018-01-30,53.15,54.47,53.15,53.49,41.31,5233600
2018-01-31,53.82,54.5,53.5,54.1,41.79,6765400
2018-02-01,53.15,54.41,53.1,53.58,42.26,4502800
2018-02-02,53.56,54.45,53.16,53.24,42.0,3004400
2018-02-05,52.96,54.37,51.94,51.95,40.98,4452700
2018-02-06,51.44,53.11,50.79,52.87,41.7,5951100
2018-02-07,52.78,54.1,52.55,53.4,42.12,4334500
2018-02-08,53.47,53.51,51.04,51.07,40.28,5464800
2018-02-09,51.6,52.55,51.22,52.22,41.19,5109500
2018-02-12,52.42,52.79,51.47,52.38,41.32,2850800
2018-02-13,52.11,53.24,51.99,53.22,41.98,3078400
2018-02-14,53.77,56.35,53.57,56.3,44.41,6304600
2018-02-15,56.9,57.0,56.24,56.78,44.79,4209000
2018-02-16,56.59,57.53,56.59,57.35,45.24,3704700
2018-02-20,57.06,57.29,56.47,56.54,44.6,3807300
2018-02-21,56.73,58.1,56.59,57.17,45.1,3649100
2018-02-22,57.28,57.79,56.67,56.85,44.84,3358100
2018-02-23,56.99,57.76,56.92,57.71,45.52,1968600
2018-02-26,57.8,59.06,57.74,58.85,46.42,3290000
2018-02-27,58.8,59.26,58.53,58.53,46.17,4889100
2018-02-28,58.88,59.36,57.57,57.58,45.42,4031800
2018-03-01,57.75,58.6,57.28,57.79,45.58,3158200
2018-03-02,57.4,57.84,56.98,57.58,45.42,4006000
2018-03-05,57.32,58.95,57.03,58.79,46.37,3180000
2018-03-06,58.86,58.97,57.68,58.62,46.24,3362400
2018-03-07,58.2,58.67,58.17,58.42,46.08,2326400
2018-03-08,58.53,59.09,58.4,59.02,46.55,1455500
2018-03-09,59.37,60.38,59.17,60.37,47.62,1860700
2018-03-12,60.35,60.43,59.74,59.97,47.3,2553300
2018-03-13,60.06,60.69,59.96,60.01,47.34,3339800
2018-03-14,61.3,61.63,60.72,61.4,48.43,3348400
2018-03-15,61.55,61.71,60.8,61.58,48.57,3345400
2018-03-16,61.81,62.14,61.63,61.92,48.84,3086100
2018-03-19,61.92,62.52,61.4,61.87,48.8,2321700
2018-03-20,62.06,62.74,62.02,62.33,49.17,2611000
2018-03-21,62.39,62.71,61.73,62.01,48.91,2383700
2018-03-22,61.49,61.99,60.47,60.55,47.76,2713900
2018-03-23,60.51,61.0,59.61,59.68,47.07,3541500
2018-03-26,60.09,60.98,59.51,60.85,48.0,3699100
2018-03-27,61.09,61.43,59.93,60.29,47.56,3576000
2018-03-28,60.35,60.87,59.78,60.44,47.67,3403100
2018-03-29,60.77,61.46,60.44,60.93,48.06,3268600
2018-04-02,60.99,61.27,59.17,59.81,47.18,3481500
2018-04-03,60.07,60.96,59.85,60.69,47.87,3498700
2018-04-04,60.13,61.55,60.04,61.41,48.44,3841200
2018-04-05,61.65,61.97,61.05,61.25,48.31,2900400
2018-04-06,60.86,61.39,59.7,60.04,47.36,3661400
2018-04-09,60.4,60.9,59.89,60.0,47.33,2952800
2018-04-10,60.81,60.98,60.32,60.39,47.64,3033400
2018-04-11,59.96,60.33,59.81,59.99,47.32,2315000
2018-04-12,60.39,60.76,60.22,60.5,47.72,2155800
2018-04-13,60.92,60.98,59.92,60.07,47.38,2711900
2018-04-16,60.58,61.42,60.46,60.93,48.06,4648000
2018-04-17,61.45,62.78,61.01,62.28,49.13,5132100
2018-04-18,62.39,62.43,60.83,61.18,48.26,3973000
2018-04-19,61.18,61.74,60.86,61.13,48.22,2991800
2018-04-20,61.23,61.39,60.8,61.05,48.16,2886600
2018-04-23,61.5,61.59,60.96,61.22,48.29,2146600
2018-04-24,61.33,61.49,60.26,60.71,47.89,2820000
2018-04-25,60.8,60.97,59.96,60.3,47.56,3370000
2018-04-26,60.36,60.88,59.98,60.63,47.82,1601000
2018-04-27,60.53,61.01,60.43,60.98,48.1,1519200
2018-04-30,61.1,61.25,60.29,60.29,47.56,2506600
2018-05-01,60.32,60.53,59.92,60.5,47.72,1929300
2018-05-02,60.15,60.24,58.11,58.98,46.52,3929200
2018-05-03,58.72,59.62,58.23,59.27,46.75,3764500
2018-05-04,59.03,60.11,58.64,59.81,47.18,2457300
2018-05-07,59.84,61.01,59.81,60.7,47.88,2675700
2018-05-08,60.53,61.28,60.48,61.16,48.24,2546500
2018-05-09,61.13,61.8,61.02,61.79,48.74,1600800
2018-05-10,61.9,62.61,61.65,62.37,49.2,2522700
2018-05-11,62.34,62.99,62.22,62.43,49.24,2073700
2018-05-14,62.48,62.59,61.62,61.72,48.68,3026600
2018-05-15,61.59,62.52,61.55,61.91,48.83,3991200
2018-05-16,62.1,62.3,61.03,61.61,48.6,3366700
2018-05-17,61.09,61.24,60.2,60.36,47.61,3644600
2018-05-18,60.49,61.04,60.28,60.93,48.06,4993500
2018-05-21,61.31,61.92,61.01,61.66,48.64,3327200
2018-05-22,61.8,62.8,61.62,61.99,48.9,3209000
2018-05-23,61.85,62.36,61.75,62.23,49.09,3086100
2018-05-24,62.24,62.63,61.82,62.63,49.4,2624200
2018-05-25,62.54,62.67,62.19,62.35,49.18,2078400
2018-05-29,62.04,62.09,61.32,61.71,48.68,2881000
2018-05-30,62.04,63.28,62.01,63.0,49.69,2260500
2018-05-31,62.91,62.91,61.99,62.09,48.98,6675300
2018-06-01,62.56,62.69,61.96,62.43,49.24,2687100
2018-06-04,62.61,62.97,62.48,62.83,49.56,4704200
2018-06-05,62.78,63.55,62.66,62.99,49.69,3009600
2018-06-06,63.08,63.39,61.1,62.59,49.37,4162300
2018-06-07,62.63,62.82,61.92,62.61,49.39,3935500
2018-06-08,62.65,62.87,62.39,62.84,49.57,2320900
2018-06-11,62.93,63.14,62.33,62.74,49.49,1987300
2018-06-12,62.85,63.0,61.78,61.92,48.84,3707400
2018-06-13,62.25,64.77,62.15,62.52,49.32,4815500
2018-06-14,62.81,62.97,61.7,61.89,48.82,3327900
2018-06-15,61.85,62.38,61.36,62.36,49.19,4254100
2018-06-18,61.91,61.99,61.35,61.5,48.51,2181000
2018-06-19,61.01,62.24,61.0,61.96,48.87,5244700
2018-06-20,62.34,62.34,61.38,61.42,48.45,2579400
2018-06-21,61.24,61.53,60.9,61.05,48.16,1740900
2018-06-22,61.32,61.39,60.64,60.78,47.94,9044800
2018-06-25,60.85,61.14,60.1,60.18,47.47,4257000
2018-06-26,60.36,60.48,59.74,59.75,47.13,3434000
2018-06-27,60.1,60.15,58.68,58.71,46.31,3850800
2018-06-28,58.73,59.87,58.7,59.53,46.96,2824800
2018-06-29,59.68,59.91,59.13,59.15,46.66,3864800
2018-07-02,58.97,59.76,58.93,59.74,47.12,3414400
2018-07-03,59.86,60.19,59.3,59.33,46.8,1198900
2018-07-05,59.59,59.77,58.92,59.06,46.59,2880100
2018-07-06,58.99,59.61,58.87,59.19,46.69,1985700
2018-07-09,59.53,59.74,59.3,59.57,46.99,2632600
2018-07-10,59.66,60.29,59.55,59.65,47.05,3386900
2018-07-11,59.38,59.7,59.17,59.23,46.72,3175900
2018-07-12,59.61,59.67,58.63,58.66,46.27,3730800
2018-07-13,58.64,58.76,58.3,58.44,46.1,3363000
2018-07-16,58.73,58.89,58.33,58.42,46.08,4640700
2018-07-17,59.0,60.23,58.75,59.4,46.85,6385700
2018-07-18,59.56,60.5,59.13,60.39,47.64,8770400
2018-07-19,59.93,60.13,59.37,59.51,46.94,5577200
2018-07-20,59.43,60.05,59.22,59.83,47.19,3081600
2018-07-23,59.8,59.91,59.18,59.58,47.0,3027700
2018-07-24,59.64,59.83,59.18,59.39,46.85,3128200
2018-07-25,59.32,59.68,59.15,59.52,46.95,3190900
2018-07-26,59.76,60.53,59.67,60.12,47.42,3260200
2018-07-27,60.53,60.95,59.72,59.87,47.22,2013000
2018-07-30,59.86,60.17,59.34,59.42,46.87,2181200
2018-07-31,59.67,60.07,59.19,60.01,47.34,4230500
2018-08-01,60.01,60.63,59.78,60.52,47.74,3367200
2018-08-02,60.41,61.78,60.39,61.68,48.65,4257700
2018-08-03,61.5,61.73,60.85,61.55,48.55,3862300
2018-08-06,61.54,61.71,61.26,61.43,48.46,2317800
2018-08-07,61.48,62.26,61.31,61.82,48.76,3744700
2018-08-08,61.71,62.02,61.47,61.91,48.83,2091700
2018-08-09,61.94,62.9,61.84,62.54,49.33,2170200
2018-08-10,62.18,62.65,61.92,62.44,49.25,2446100
2018-08-13,62.38,62.95,61.93,61.96,48.87,2578500
2018-08-14,61.92,62.55,61.8,62.29,49.13,5674900
2018-08-15,62.36,64.19,61.98,64.06,50.53,3433800
2018-08-16,64.49,65.32,63.72,65.05,51.31,4532400
2018-08-17,65.01,66.42,65.0,66.28,52.28,5710900
2018-08-20,66.54,67.02,66.43,66.9,52.77,4511100
2018-08-21,66.84,67.63,66.78,67.22,53.02,4178500
2018-08-22,67.08,67.33,66.64,66.72,52.63,3542000
2018-08-23,66.78,66.97,66.68,66.81,52.7,1939200
2018-08-24,66.8,66.98,66.42,66.92,52.79,2092900
2018-08-27,67.04,67.36,66.88,67.26,53.05,1751100
2018-08-28,67.28,67.43,66.95,67.15,52.97,1836700
2018-08-29,67.4,67.88,67.2,67.67,53.38,2298500
2018-08-30,67.71,67.71,66.97,67.17,52.98,1948800
2018-08-31,67.17,67.59,66.91,67.53,53.27,2579000
2018-09-04,67.6,68.41,67.53,68.39,53.95,2068900
2018-09-05,68.46,68.95,68.41,68.79,54.26,2256900
2018-09-06,68.69,68.92,68.46,68.82,54.28,1778100
2018-09-07,68.76,69.01,68.56,68.87,54.32,2108000
2018-09-10,68.76,68.76,67.65,67.79,53.47,2471000
2018-09-11,67.21,68.28,66.8,67.99,53.63,2769100
2018-09-12,68.14,68.63,67.83,68.36,53.92,2870000
2018-09-13,68.7,68.85,68.05,68.74,54.22,2254600
2018-09-14,68.97,68.97,67.99,68.24,53.83,3930200
2018-09-17,68.37,68.68,68.03,68.53,54.06,1899200
2018-09-18,68.7,69.73,68.53,69.68,54.96,2379600
2018-09-19,69.68,70.61,69.65,69.88,55.12,3019100
2018-09-20,70.14,70.82,70.0,70.78,55.83,2293800
2018-09-21,71.2,71.23,70.64,70.72,55.78,4119400
2018-09-24,70.77,70.86,70.26,70.37,55.51,1649900
2018-09-25,70.23,71.24,70.08,71.2,56.16,3131100
2018-09-26,71.47,71.61,70.79,70.88,55.91,2836700
2018-09-27,70.8,71.26,70.17,70.32,55.47,1698800
2018-09-28,70.15,71.08,70.08,71.04,56.04,2437700
2018-10-01,71.36,71.77,70.57,70.7,55.77,2337800
2018-10-02,70.84,71.09,70.55,70.96,55.97,2620200
2018-10-03,71.16,71.51,70.97,71.06,56.05,2438200
2018-10-04,71.1,71.3,70.53,71.11,56.09,2691700
2018-10-05,71.03,71.21,70.41,70.67,55.74,2220800
2018-10-08,70.81,71.29,70.43,71.03,56.03,2551500
2018-10-09,71.09,72.02,70.95,71.83,56.66,3643300
2018-10-10,70.59,71.0,68.48,68.52,54.05,6340800
2018-10-11,68.1,68.68,66.76,66.97,52.83,5592800
2018-10-12,67.48,67.91,65.8,66.86,52.74,4845600
2018-10-15,66.79,67.23,66.22,66.24,52.25,2893300
2018-10-16,68.1,70.34,67.95,70.27,55.43,5629900
2018-10-17,70.33,70.87,69.53,70.63,55.71,3182500
2018-10-18,70.43,72.72,70.43,71.8,56.64,4935000
2018-10-19,71.05,71.29,70.28,70.55,55.65,4438100
2018-10-22,70.78,71.18,70.01,70.26,55.42,3509000
2018-10-23,69.29,70.0,68.68,69.44,54.77,4214700
2018-10-24,69.24,69.8,67.62,67.74,53.43,3564300
2018-10-25,68.12,69.62,67.89,68.96,54.39,2562200
2018-10-26,68.33,68.76,67.48,68.11,53.72,2597400
2018-10-29,68.94,69.95,68.09,68.87,54.32,2259400
2018-10-30,69.13,70.03,68.4,69.79,55.05,2701000
2018-10-31,70.16,70.59,69.65,69.7,54.98,3703300
2018-11-01,69.18,69.55,68.21,69.04,54.46,5145200
2018-11-02,69.62,70.09,67.95,68.38,53.94,3448500
2018-11-05,68.61,69.95,68.53,69.73,55.0,2218600
2018-11-06,69.62,70.14,69.44,69.78,55.04,2174400
2018-11-07,71.45,73.69,71.26,73.12,57.68,4782700
2018-11-08,72.74,73.61,72.73,73.46,57.94,2494900
2018-11-09,73.32,73.65,72.91,73.19,57.73,2344700
2018-11-12,73.18,73.44,71.77,71.9,56.71,1985500
2018-11-13,71.73,72.28,71.15,71.59,56.47,3227500
2018-11-14,69.33,69.5,64.69,64.8,51.11,8984700
2018-11-15,64.51,66.31,64.51,66.3,52.3,6524500
2018-11-16,66.0,66.84,65.72,66.34,52.33,3799100
2018-11-19,66.67,66.72,64.43,65.01,51.28,4328300
2018-11-20,64.17,65.12,63.35,64.38,50.78,6430300
2018-11-21,64.38,64.69,63.67,63.69,50.24,3361500
2018-11-23,63.16,63.46,62.87,62.95,49.65,1350500
2018-11-26,63.45,63.68,62.99,63.23,49.88,3407000
2018-11-27,63.04,63.44,61.48,61.89,48.82,3947100
2018-11-28,62.14,64.25,62.14,64.25,50.68,4633200
2018-11-29,63.8,65.53,63.76,65.19,51.42,3903200
2018-11-30,65.09,66.41,65.03,66.29,52.29,5104800
2018-12-03,67.19,67.56,65.66,66.81,52.7,5428300
2018-12-04,66.78,66.88,64.42,64.63,50.98,4625900
2018-12-06,63.66,64.93,62.53,64.83,51.14,4231100
2018-12-07,64.56,65.39,63.09,63.42,50.03,3469600
2018-12-10,63.2,64.13,61.79,63.65,50.21,5100400
2018-12-11,64.89,65.3,62.97,63.47,50.06,4215300
2018-12-12,64.42,65.16,63.98,64.06,50.53,3924800
2018-12-13,64.01,64.31,62.56,63.15,49.81,3194900
2018-12-14,62.43,62.84,61.77,62.0,48.9,3577100
2018-12-17,61.89,62.1,60.79,61.07,48.17,4626200
2018-12-18,61.39,61.92,60.46,61.08,48.18,3632100
2018-12-19,61.28,62.89,60.55,60.87,48.01,3961000
2018-12-20,60.27,60.78,59.22,59.8,47.17,3566200
2018-12-21,59.63,61.46,59.23,59.42,46.87,7327000
2018-12-24,58.77,59.24,57.07,57.07,45.02,2232500
2018-12-26,57.16,59.39,56.71,59.33,46.8,2956300
2018-12-27,58.56,60.21,57.98,60.2,47.49,3124800
2018-12-28,60.33,60.79,59.41,59.65,47.05,2690400
2018-12-31,60.07,60.34,59.68,60.33,47.59,2420600
2019-01-02,59.28,59.74,58.77,59.23,46.72,4153200
2019-01-03,58.96,59.51,58.1,58.23,45.93,3889200
2019-01-04,59.05,60.04,58.82,59.56,46.98,2717800
2019-01-07,59.4,60.62,59.2,60.04,47.36,3065300
2019-01-08,60.73,61.38,59.96,60.73,47.9,2822600
2019-01-09,61.48,62.08,61.19,61.3,48.35,4301700
2019-01-10,61.18,61.99,60.74,61.97,48.88,2039600
2019-01-11,61.57,61.81,60.84,61.68,48.65,1773900
2019-01-14,61.31,61.96,61.13,61.58,48.57,2112900
2019-01-15,61.47,62.2,61.45,62.03,48.93,1821200
2019-01-16,62.28,62.65,61.84,62.6,49.38,2555100
2019-01-17,62.33,63.31,62.25,63.25,49.89,2939500
2019-01-18,63.6,64.62,63.06,64.42,50.81,3817600
2019-01-22,64.07,64.51,62.96,63.29,49.92,4355000
2019-01-23,62.9,65.22,62.65,64.99,51.26,5317600
2019-01-24,64.58,65.26,64.14,65.24,51.46,3964300
2019-01-25,65.79,65.82,64.83,65.3,51.51,3193300
2019-01-28,65.04,65.28,64.7,65.2,51.43,2943600
2019-01-29,65.23,65.86,65.2,65.81,51.91,4549700
2019-01-30,65.97,66.96,65.5,66.75,52.65,4128200
2019-01-31,66.62,67.36,66.47,67.29,53.08,5243800
2019-02-01,65.26,65.86,64.7,65.8,53.92,3895000
2019-02-04,65.6,66.04,65.16,66.03,54.11,2550200
2019-02-05,66.17,66.75,65.98,66.53,54.51,3134800
2019-02-06,66.49,67.66,66.23,67.57,55.37,3163300
2019-02-07,67.23,67.88,66.98,67.72,55.49,3058600
2019-02-08,67.3,68.37,67.21,68.36,56.01,2564100
2019-02-11,68.46,69.22,68.02,69.16,56.67,3861600
2019-02-12,69.56,70.02,69.25,69.3,56.78,4762700
2019-02-13,70.0,71.0,69.69,70.8,58.01,4510000
2019-02-14,70.31,71.08,69.81,70.71,57.94,5961800
2019-02-15,71.4,71.77,71.05,71.26,58.39,4789700
2019-02-19,71.22,72.05,71.17,71.81,58.84,3478300
2019-02-20,72.05,72.48,71.69,72.48,59.39,5379300
2019-02-21,72.48,72.69,71.83,72.11,59.09,4251000
2019-02-22,72.24,72.51,71.96,72.27,59.22,2749900
2019-02-25,72.53,72.93,72.1,72.73,59.6,2661000
2019-02-26,72.41,72.95,72.17,72.32,59.26,2847100
2019-02-27,72.16,72.98,72.07,72.71,59.58,2499000
2019-02-28,72.8,73.42,72.58,72.9,59.73,3639400
2019-03-01,73.44,73.78,72.68,73.02,59.83,3265300
2019-03-04,73.08,73.69,72.06,72.71,59.58,2499600
2019-03-05,72.77,72.97,72.39,72.5,59.41,1723000
2019-03-06,72.58,72.82,71.83,71.91,58.92,2215000
2019-03-07,71.92,72.55,71.49,72.22,59.18,3048400
2019-03-08,71.72,72.43,71.7,72.27,59.22,2436600
2019-03-11,72.49,72.93,72.3,72.85,59.69,1901700
2019-03-12,73.0,73.73,72.93,73.58,60.29,3428400
2019-03-13,73.24,73.3,72.22,72.32,59.26,3829800
2019-03-14,72.31,73.01,71.95,72.86,59.7,2334400
2019-03-15,72.63,73.66,72.52,73.61,60.32,8243400
2019-03-18,73.55,73.69,72.91,73.06,59.87,4090200
2019-03-19,73.38,73.45,72.21,72.4,59.32,3381700
2019-03-20,72.43,72.77,71.89,72.01,59.01,2620500
2019-03-21,71.66,73.3,71.57,73.13,59.92,2090700
2019-03-22,72.71,73.42,72.63,72.78,59.64,2576600
2019-03-25,72.8,73.1,72.51,72.72,59.59,1950600
2019-03-26,73.11,73.2,72.51,73.18,59.96,2304900
2019-03-27,73.06,73.38,72.34,72.71,59.58,2967200
2019-03-28,72.83,73.05,71.71,72.42,59.34,1820700
2019-03-29,72.88,72.91,72.01,72.09,59.07,4400400
2019-04-01,72.65,73.05,72.39,72.76,59.62,2483100
2019-04-02,72.77,72.92,72.37,72.69,59.56,1538000
2019-04-03,72.98,73.13,71.99,73.03,59.84,2787400
2019-04-04,73.11,73.12,72.45,72.53,59.51,1453900
2019-04-05,72.67,73.06,72.38,72.7,59.65,1719500
2019-04-08,72.39,72.54,71.45,72.01,59.09,2221000
2019-04-09,71.63,71.97,71.39,71.53,58.69,1938000
2019-04-10,71.77,72.15,71.4,72.07,59.14,1717000
2019-04-11,72.33,72.48,71.46,71.77,58.89,2657300
2019-04-12,72.13,72.65,71.96,72.61,59.58,2086300
2019-04-15,72.6,72.99,72.13,72.26,59.29,2729400
2019-04-16,74.25,77.3,74.22,77.26,63.39,6385000
2019-04-17,77.25,77.34,75.94,76.16,62.49,3274200
2019-04-18,76.17,76.47,74.92,75.0,61.54,3057100
2019-04-22,74.63,74.83,74.26,74.56,61.18,1931400
2019-04-23,74.65,75.83,74.36,75.69,62.11,2645200
2019-04-24,75.67,75.8,74.98,75.07,61.6,1927700
2019-04-25,75.0,75.85,74.56,75.6,62.03,2209600
2019-04-26,75.73,76.2,75.5,76.19,62.52,1791500
2019-04-29,76.44,77.3,76.4,77.11,63.27,2183000
2019-04-30,77.18,78.21,76.83,78.15,64.12,2568700
2019-05-01,78.1,78.58,76.79,76.91,63.11,3306000
2019-05-02,77.15,77.19,75.21,75.56,62.0,3902400
2019-05-03,75.91,76.0,73.94,74.43,61.07,4016100
2019-05-06,73.43,74.54,73.4,74.24,60.92,4413200
2019-05-07,73.76,74.1,72.63,72.79,59.73,3665900
2019-05-08,72.54,73.84,72.36,73.52,60.33,3971300
2019-05-09,73.08,73.23,72.59,72.85,59.78,2415600
2019-05-10,72.5,73.59,71.83,73.43,60.25,1851600
2019-05-13,72.28,72.63,71.61,72.54,59.52,3182600
2019-05-14,72.6,74.57,72.6,73.64,60.42,3011200
2019-05-15,74.18,77.78,73.83,77.5,63.59,5317100
2019-05-16,77.61,78.45,77.36,77.85,63.88,2772900
2019-05-17,77.27,78.46,77.03,77.72,63.77,2196800
2019-05-20,77.65,78.32,77.27,78.3,64.25,2238200
2019-05-21,78.65,80.35,78.65,80.07,65.7,3842300
2019-05-22,80.06,80.53,79.74,80.45,66.01,2467700
2019-05-23,79.98,80.08,79.27,79.71,65.4,2846300
2019-05-24,80.11,80.63,79.85,80.22,65.82,4398400
2019-05-28,80.33,81.0,79.23,79.49,65.22,3429400
2019-05-29,79.19,80.0,78.39,79.94,65.59,2663400
2019-05-30,80.14,80.42,79.79,80.14,65.76,1622900
2019-05-31,79.55,80.06,78.95,79.28,65.05,2245600
2019-06-03,79.28,80.06,78.85,79.83,65.5,2792700
2019-06-04,80.6,81.85,80.25,81.82,67.14,4058300
2019-06-05,81.88,83.58,81.82,83.34,68.38,3922200
2019-06-06,83.35,83.51,82.64,83.15,68.23,2602800
2019-06-07,83.35,84.3,83.04,83.18,68.25,2059700
2019-06-10,83.44,83.6,82.36,82.59,67.77,2111600
2019-06-11,83.25,83.56,82.31,82.57,67.75,2124200
2019-06-12,82.99,83.0,80.78,81.13,66.57,2914700
2019-06-13,81.32,82.0,81.01,81.64,66.99,1801800
2019-06-14,81.44,82.17,81.06,81.96,67.25,1991900
2019-06-17,82.23,82.33,81.34,81.46,66.84,2082500
2019-06-18,81.76,81.83,81.12,81.33,66.73,1730700
2019-06-19,81.38,81.98,81.09,81.74,67.07,1696200
2019-06-20,82.05,82.37,81.29,81.87,67.18,2698000
2019-06-21,82.0,82.4,80.12,80.12,65.74,5146800
2019-06-24,80.55,80.99,80.3,80.36,65.94,2266900
2019-06-25,80.38,80.57,79.47,79.56,65.28,3015400
2019-06-26,79.9,80.4,78.5,78.59,64.49,3561100
2019-06-27,79.07,79.84,78.71,79.69,65.39,2783500
2019-06-28,80.12,80.48,79.51,79.93,65.58,7799600
2019-07-01,80.94,81.79,80.08,81.75,67.08,2526000
2019-07-02,81.69,83.24,81.69,82.64,67.81,2524000
2019-07-03,82.87,83.92,82.77,83.65,68.72,1678400
2019-07-05,83.63,84.2,83.27,83.99,69.0,1875800
2019-07-08,83.84,84.15,83.46,83.62,68.7,2017800
2019-07-09,83.33,83.91,82.86,83.48,68.58,1962300
2019-07-10,83.62,84.09,82.8,83.43,68.54,2336800
2019-07-11,83.42,83.86,82.65,83.75,68.8,1557300
2019-07-12,84.11,84.41,83.27,84.39,69.33,1418400
2019-07-15,84.49,84.96,83.79,83.97,68.98,2158900
2019-07-16,84.22,84.4,83.68,84.12,69.11,3254200
2019-07-17,82.0,82.22,79.86,80.2,65.89,6544100
2019-07-18,80.05,81.19,79.86,81.19,66.7,3402900
2019-07-19,81.27,81.35,79.95,79.98,65.71,3127200
2019-07-22,80.03,81.67,79.95,81.02,66.56,3037500
2019-07-23,80.78,80.93,79.64,80.56,66.18,2887200
2019-07-24,80.56,81.1,79.53,81.02,66.56,2227900
2019-07-25,79.51,81.69,79.4,81.18,66.69,1951200
2019-07-26,81.12,81.74,80.71,81.7,67.12,1273200
2019-07-29,81.86,82.4,80.81,81.2,66.71,2015500
2019-07-30,80.91,81.4,80.58,80.71,66.3,1315400
2019-07-31,81.12,81.77,80.48,80.98,66.53,2453900
2019-08-01,81.0,81.24,79.97,80.12,65.82,2608000
2019-08-02,80.13,80.7,79.46,79.76,65.52,1648800
2019-08-05,78.77,79.27,77.03,77.34,63.54,2660500
2019-08-06,77.5,79.57,77.16,79.55,65.35,2303500
2019-08-07,78.72,79.21,77.22,78.47,64.46,2368100
2019-08-08,78.86,80.05,78.23,79.83,65.58,2641000
2019-08-09,79.84,81.11,79.62,80.6,66.21,2636400
2019-08-12,80.3,80.81,78.51,79.02,64.92,2081800
2019-08-13,78.58,80.02,78.41,79.46,65.28,3192600
2019-08-14,78.0,79.35,75.08,75.58,62.09,5660100
2019-08-15,75.83,77.27,75.14,77.04,63.29,2957300
2019-08-16,77.64,78.07,77.14,77.49,63.66,1894100
2019-08-19,78.73,78.73,77.87,77.91,64.0,1588700
2019-08-20,77.75,77.75,76.66,76.73,63.04,2824700
2019-08-21,77.46,77.67,77.02,77.3,63.5,1523900
2019-08-22,77.56,78.15,76.71,77.07,63.31,2328700
2019-08-23,76.96,77.97,74.67,75.15,61.74,2249400
2019-08-26,75.63,75.9,74.68,75.79,62.26,1844900
2019-08-27,76.24,76.47,74.96,74.96,61.58,2315100
2019-08-28,74.69,75.24,74.28,74.86,61.5,1621100
2019-08-29,75.28,76.08,74.85,75.79,62.26,3338800
2019-08-30,76.47,76.8,75.24,75.8,62.27,1897100
2019-09-03,75.11,76.21,74.91,75.62,62.12,2024300
2019-09-04,75.98,76.42,75.71,76.26,62.65,1441700
2019-09-05,77.11,77.6,76.33,76.53,62.87,3631100
2019-09-06,76.73,77.86,76.54,77.39,63.58,2509300
2019-09-09,77.98,77.98,76.7,76.74,63.04,1738300
2019-09-10,76.74,76.76,75.4,76.13,62.54,2869000
2019-09-11,76.08,76.46,75.61,76.28,62.67,1998000
2019-09-12,76.76,77.49,76.22,76.98,63.24,2226600
2019-09-13,73.51,73.91,71.17,72.68,59.71,13251900
2019-09-16,72.68,73.83,72.31,73.4,60.3,3769100
2019-09-17,73.53,74.21,73.21,74.02,60.81,3753600
2019-09-18,74.21,75.21,73.51,75.18,61.76,3617900
2019-09-19,75.11,76.2,74.92,75.78,62.25,3503800
2019-09-20,75.91,76.61,75.23,76.01,62.44,5353300
2019-09-23,75.61,76.62,75.6,76.38,62.75,2906300
2019-09-24,76.68,77.32,75.95,76.56,62.9,4187400
2019-09-25,76.71,77.11,75.71,76.91,63.18,2821000
2019-09-26,76.95,77.24,76.58,77.03,63.28,4262200
2019-09-27,77.29,77.46,76.42,77.1,63.34,4643700
2019-09-30,77.27,77.74,76.73,77.25,63.46,2892500
2019-10-01,77.59,77.83,75.76,75.93,62.38,2926900
2019-10-02,75.58,75.93,74.55,74.99,61.61,3552800
2019-10-03,75.06,75.55,74.63,75.39,61.93,2430700
2019-10-04,75.49,77.05,75.45,76.9,63.26,1958600
2019-10-07,76.74,76.79,75.67,75.76,62.32,2134000
2019-10-08,75.3,75.51,74.37,74.4,61.2,2994800
2019-10-09,75.0,75.18,74.58,75.01,61.7,2096600
2019-10-10,74.92,75.72,74.7,74.76,61.5,2910900
2019-10-11,75.34,76.09,75.17,75.22,61.88,3625800
2019-10-14,75.19,75.94,75.0,75.71,62.28,1358800
2019-10-15,75.87,75.97,74.72,74.97,61.67,3860000
2019-10-16,71.02,73.47,69.38,72.87,59.94,7426300
2019-10-17,73.54,73.85,71.24,71.47,58.79,6066500
2019-10-18,71.34,71.64,70.18,70.2,57.75,3871800
2019-10-21,70.48,70.54,66.93,70.0,57.58,4908600
2019-10-22,69.79,70.12,68.29,68.77,56.57,4382800
2019-10-23,68.82,69.26,67.94,68.4,56.27,3884700
2019-10-24,68.63,70.08,68.47,69.59,57.25,4214100
2019-10-25,69.66,69.76,69.06,69.3,57.01,1993100
2019-10-28,69.38,69.62,68.68,68.82,56.61,2213200
2019-10-29,68.55,69.91,68.55,69.79,57.41,2834400
2019-10-30,69.72,69.72,68.6,69.38,57.07,2780300
2019-10-31,69.17,69.75,68.95,69.7,57.34,2400200
2019-11-01,70.12,70.21,69.13,69.78,57.4,2268000
2019-11-04,70.22,70.33,68.75,68.82,56.61,3056700
2019-11-05,68.99,69.65,68.86,68.9,56.68,4110000
2019-11-06,69.01,71.11,68.91,70.93,58.35,3513200
2019-11-07,71.11,72.78,71.04,72.56,59.69,8525000
2019-11-08,72.38,74.04,72.38,73.67,60.6,5196900
2019-11-11,73.17,73.77,72.8,73.73,60.65,2722600
2019-11-12,73.7,74.47,73.56,74.46,61.25,4095000
2019-11-13,72.96,73.39,71.67,71.67,58.96,4783900
2019-11-14,71.5,73.01,71.33,72.95,60.01,3657400
2019-11-15,73.14,73.36,72.52,72.9,59.97,3052100
2019-11-18,71.67,72.47,70.58,71.23,58.59,3977300
2019-11-19,71.74,72.03,70.96,71.56,58.87,3054600
2019-11-20,71.28,71.53,70.41,70.53,58.02,3508000
2019-11-21,70.82,70.82,69.13,70.09,57.66,3681000
2019-11-22,70.11,71.0,69.9,70.83,58.27,2378800
2019-11-25,71.14,71.74,70.93,71.5,58.82,2746400
2019-11-26,71.4,73.06,71.18,72.94,60.0,6613900
2019-11-27,73.17,73.57,72.9,73.14,60.17,1954900
2019-11-29,73.12,73.4,72.75,73.05,60.09,1077400
2019-12-02,73.21,73.21,71.65,71.65,58.94,2583100
2019-12-03,71.09,71.36,70.44,70.65,58.12,2648600
2019-12-04,70.56,72.03,70.36,71.84,59.1,2932100
2019-12-05,72.03,72.52,71.74,72.44,59.59,3500600
2019-12-06,72.7,73.15,72.5,72.98,60.03,2932800
2019-12-09,72.98,73.52,72.69,73.34,60.33,3257900
2019-12-10,73.46,73.77,72.74,72.85,59.93,3023100
2019-12-11,69.16,71.19,69.03,71.16,58.54,7804000
2019-12-12,71.16,73.08,71.01,72.69,59.8,3925800
2019-12-13,72.47,73.41,71.63,72.17,59.37,3289000
2019-12-16,71.36,71.68,70.43,71.1,58.49,4387800
2019-12-17,71.01,72.26,71.0,72.0,59.23,5011800
2019-12-18,72.25,72.47,71.23,71.3,58.65,2604600
2019-12-19,71.21,71.55,70.79,71.11,58.5,2985400
2019-12-20,72.36,73.56,71.4,71.76,59.03,5417800
2019-12-23,71.86,71.91,71.17,71.69,58.97,2831900
2019-12-24,71.86,72.02,71.62,71.87,59.12,778200
2019-12-26,71.76,71.86,71.45,71.73,59.01,1612900
2019-12-27,71.93,72.42,71.63,72.15,59.35,1570600
2019-12-30,72.22,72.35,71.86,72.32,59.49,1298600
2019-12-31,72.32,72.71,71.9,72.39,59.55,1724500
2020-01-02,73.92,74.35,73.26,74.33,61.14,2880700
2020-01-03,73.52,74.78,73.28,74.32,61.14,4155800
2020-01-06,73.89,75.72,73.83,75.67,62.25,5897200
2020-01-07,73.0,73.12,72.16,72.76,61.77,4867700
2020-01-08,72.92,73.96,72.87,73.19,62.14,4073700
2020-01-09,73.5,73.94,73.19,73.94,62.77,2199400
2020-01-10,74.0,74.13,73.45,73.7,62.57,3650700
2020-01-13,73.7,74.93,73.7,74.92,63.61,3795900
2020-01-14,74.82,75.0,74.02,74.25,63.04,3191400
2020-01-15,74.19,75.97,74.04,75.72,64.28,4078700
2020-01-16,75.81,75.97,74.93,75.44,64.05,3180900
2020-01-17,76.04,76.99,75.9,76.3,64.78,4265000
2020-01-21,76.04,76.72,75.85,76.43,64.89,2686700
2020-01-22,76.58,77.17,76.15,76.16,64.66,2167300
2020-01-23,75.71,76.37,75.23,76.33,64.8,2190000
2020-01-24,76.51,76.86,76.29,76.75,65.16,1695100
2020-01-27,75.77,76.44,75.49,75.77,64.33,2490000
2020-01-28,76.07,76.73,75.89,76.45,64.9,4003900
2020-01-29,80.2,81.24,78.28,80.81,68.61,5230300
2020-01-30,79.74,81.87,78.95,81.77,69.42,4016700
2020-01-31,81.53,82.29,80.5,80.69,68.5,6531300
2020-02-03,81.13,82.07,80.35,80.57,68.4,2745500
2020-02-04,81.31,81.63,80.6,80.92,68.7,2166900
2020-02-05,81.6,83.0,81.37,83.0,70.47,2184500
2020-02-06,83.03,83.77,82.73,83.06,70.52,2804900
2020-02-07,83.0,83.66,82.67,83.26,70.69,2211900
2020-02-10,83.28,83.75,83.2,83.59,70.97,1512300
2020-02-11,83.6,84.06,83.33,83.66,71.03,2709400
2020-02-12,83.8,83.83,82.12,83.24,70.67,2887700
2020-02-13,83.2,83.95,82.86,83.86,71.2,1689700
2020-02-14,83.86,84.09,83.33,83.77,71.12,1709100
2020-02-18,83.78,84.2,83.01,83.4,70.8,2720000
2020-02-19,81.73,83.3,80.99,81.42,69.12,4417500
2020-02-20,80.72,81.61,80.52,80.84,68.63,2835600
2020-02-21,80.62,81.72,80.26,81.46,69.16,2730500
2020-02-24,80.15,81.25,79.71,80.97,68.74,3660400
2020-02-25,80.93,81.03,79.58,80.0,67.92,4476300
2020-02-26,80.41,81.53,79.46,79.65,67.62,3293700
2020-02-27,79.14,79.91,76.23,76.28,64.76,3187800
2020-02-28,74.88,75.93,71.65,73.16,62.11,7029900
2020-03-02,73.6,78.91,73.59,78.88,66.97,4671600
2020-03-03,78.69,79.97,76.21,77.24,65.58,3930600
2020-03-04,78.03,81.2,77.8,81.05,68.81,3717100
2020-03-05,78.78,80.97,78.52,80.54,68.38,4157800
2020-03-06,77.93,80.98,77.62,80.52,68.36,4836100
2020-03-09,75.42,77.48,73.4,75.29,63.92,6472600
2020-03-10,77.26,78.0,74.6,77.96,66.19,4653600
2020-03-11,75.54,75.66,73.24,75.11,63.77,5388100
2020-03-12,69.77,73.35,68.13,69.62,59.11,7255100
2020-03-13,73.43,78.14,71.01,78.07,66.28,5919000
2020-03-16,67.52,75.05,66.59,73.0,61.98,5809900
2020-03-17,75.11,78.64,72.93,77.29,65.62,6868800
2020-03-18,73.28,74.69,68.8,72.15,61.25,4979200
2020-03-19,71.35,71.75,66.22,67.04,56.92,6030000
2020-03-20,67.2,71.87,65.19,68.28,57.97,6943400
2020-03-23,67.0,68.73,62.18,66.55,56.5,5880300
2020-03-24,70.17,71.89,67.12,69.04,58.61,5913100
2020-03-25,68.99,72.78,68.11,69.95,59.39,4536400
2020-03-26,70.86,76.6,70.11,75.82,64.37,4861700
2020-03-27,72.77,74.74,71.6,73.54,62.43,4481900
2020-03-30,74.17,76.83,73.12,76.18,64.68,4367600
2020-03-31,75.39,75.8,73.36,73.84,62.69,3865800
2020-04-01,71.36,73.1,70.72,72.36,61.43,4397300
2020-04-02,71.87,77.54,71.74,76.56,65.0,3836400
2020-04-03,76.23,76.75,74.92,75.94,64.47,2745600
2020-04-06,77.75,78.43,74.08,75.99,64.6,4435300
2020-04-07,77.88,78.6,75.41,75.6,64.27,4581000
2020-04-08,76.1,78.55,74.64,77.81,66.15,4076300
2020-04-09,78.91,80.76,78.12,80.39,68.34,4811800
2020-04-13,80.0,80.0,76.87,77.1,65.54,2625300
2020-04-14,79.07,81.45,78.72,80.47,68.41,2912300
2020-04-15,74.31,80.08,72.68,79.25,67.37,3223800
2020-04-16,79.12,79.84,77.88,79.09,67.23,2877400
2020-04-17,81.03,82.91,79.26,82.5,70.13,3507700
2020-04-20,81.68,82.2,80.87,81.94,69.66,2881700
2020-04-21,80.04,82.52,79.77,81.25,69.07,4441800
2020-04-22,82.54,82.84,81.54,82.49,70.12,2323900
2020-04-23,82.73,82.73,81.19,81.61,69.38,2667700
2020-04-24,82.18,82.97,80.88,82.87,70.45,2439600
2020-04-27,83.0,83.3,82.24,82.96,70.52,5399600
2020-04-28,83.59,83.83,80.97,81.14,68.98,3264000
2020-04-29,81.76,81.76,79.32,79.8,67.84,4780300
2020-04-30,78.8,79.38,76.86,77.3,65.71,3852600
2020-05-01,76.4,77.16,75.51,76.18,64.76,2869100
2020-05-04,75.87,76.07,74.81,75.85,64.48,2928800
2020-05-05,76.03,78.59,76.03,78.04,66.34,2475800
2020-05-06,78.61,78.8,75.92,76.19,64.77,2548700
2020-05-07,77.0,77.5,74.19,74.93,63.7,3724900
2020-05-08,75.75,75.93,73.93,74.27,63.14,4333800
2020-05-11,73.65,74.04,73.02,73.17,62.2,2808300
2020-05-12,73.36,73.52,71.6,72.19,61.37,3300800
2020-05-13,71.82,73.51,71.25,72.76,61.85,3968700
2020-05-14,72.27,73.85,71.92,73.74,62.69,4001800
2020-05-15,73.61,76.44,72.71,76.21,64.79,5593000
2020-05-18,77.32,77.83,75.63,76.62,65.13,3360500
2020-05-19,76.1,77.86,75.83,75.87,64.5,2610500
2020-05-20,76.42,76.75,74.65,74.89,63.66,2902900
2020-05-21,74.52,75.46,72.71,75.02,63.77,3899800
2020-05-22,75.16,75.74,74.27,74.72,63.52,2166000
2020-05-26,75.9,76.36,73.66,74.13,63.02,5212700
2020-05-27,75.32,77.32,74.07,76.47,65.01,4687900
2020-05-28,77.32,77.46,75.91,76.59,65.11,2613800
2020-05-29,76.77,77.88,76.45,77.68,66.04,4412400
2020-06-01,77.75,78.88,77.22,78.34,66.6,1749100
2020-06-02,78.57,79.28,78.29,79.08,67.23,2205200
2020-06-03,79.83,79.83,78.3,79.11,67.25,2288400
2020-06-04,78.59,78.97,77.57,78.8,66.99,2766400
2020-06-05,80.33,82.7,78.78,81.87,69.6,3838000
2020-06-08,81.53,81.69,80.49,81.51,69.29,3052300
2020-06-09,81.0,81.56,80.2,81.02,68.87,2468600
2020-06-10,80.81,81.83,79.94,80.28,68.25,2413800
2020-06-11,78.77,79.18,75.82,75.92,64.54,3302500
2020-06-12,77.41,78.27,75.0,76.6,65.12,2344300
2020-06-15,75.38,79.51,75.25,79.29,67.4,3258700
2020-06-16,81.19,81.6,78.91,80.43,68.37,3455000
2020-06-17,80.82,81.26,79.15,79.21,67.34,2714000
2020-06-18,78.91,81.65,78.59,80.87,68.75,2863500
2020-06-19,83.16,83.16,79.89,80.99,68.85,4534600
2020-06-22,80.54,81.72,80.28,80.82,68.7,1870000
2020-06-23,81.52,81.93,79.98,80.06,68.06,1786300
2020-06-24,79.39,79.68,77.18,77.29,65.7,3611600
2020-06-25,77.41,79.97,77.26,79.9,67.92,2242600
2020-06-26,79.18,80.29,77.35,77.89,66.21,3733400
2020-06-29,78.12,79.26,77.88,78.4,66.65,2806200
2020-06-30,78.5,80.5,78.41,80.11,68.1,2598000
2020-07-01,79.96,80.8,79.64,79.8,67.84,2970000
2020-07-02,80.49,80.49,78.8,79.23,67.35,2493800
2020-07-06,80.19,80.49,79.19,79.42,67.6,2312900
2020-07-07,79.1,79.25,77.72,78.02,66.41,2559700
2020-07-08,78.06,78.5,76.32,77.37,65.86,3326500
2020-07-09,77.38,77.97,76.16,77.79,66.21,2764700
2020-07-10,78.27,80.96,78.25,80.76,68.74,2313800
2020-07-13,80.92,81.32,79.68,80.33,68.37,2266400
2020-07-14,80.63,84.51,80.45,84.5,71.92,6820700
2020-07-15,85.0,86.49,84.35,85.89,73.11,3965200
2020-07-16,85.85,87.59,85.72,87.11,74.15,2652400
2020-07-17,87.36,87.76,86.39,87.63,74.59,2659000
2020-07-20,87.7,88.41,87.43,88.13,75.01,1825400
2020-07-21,88.05,89.39,88.05,88.85,75.63,1712600
2020-07-22,89.15,90.22,88.52,90.14,76.72,1789100
2020-07-23,89.97,90.72,88.34,88.64,75.45,1999900
2020-07-24,88.86,89.17,87.51,87.86,74.78,2204400
2020-07-27,87.84,88.3,86.8,87.3,74.31,2060100
2020-07-28,87.53,87.83,86.66,87.42,74.41,2470200
2020-07-29,87.01,89.26,87.01,88.92,75.69,1880500
2020-07-30,87.89,89.33,87.68,88.52,75.35,2119900
2020-07-31,87.89,90.41,87.89,90.34,76.89,4016500
2020-08-03,90.7,91.23,89.65,89.89,76.51,2134400
2020-08-04,89.58,90.47,89.43,90.25,76.82,2496900
2020-08-05,91.03,91.81,90.56,90.62,77.13,2073500
2020-08-06,90.7,91.38,88.91,89.61,76.27,2514600
2020-08-07,89.31,90.77,89.31,90.73,77.23,1735400
2020-08-10,90.99,91.14,89.71,90.12,76.71,2410700
2020-08-11,90.93,91.12,88.87,89.02,75.77,2468200
2020-08-12,90.03,90.48,88.72,89.01,75.76,2058900
2020-08-13,88.38,89.05,87.93,89.04,75.79,1994800
2020-08-14,89.0,89.56,88.6,88.97,75.73,1731200
2020-08-17,88.55,89.78,88.47,88.83,75.61,1709100
2020-08-18,88.96,89.96,88.9,89.74,76.38,1510200
2020-08-19,90.16,91.02,89.95,90.41,76.95,2728000
2020-08-20,90.28,91.05,90.09,90.84,77.32,1663200
2020-08-21,91.22,91.99,90.81,91.82,78.15,2085600
2020-08-24,92.0,92.34,91.43,92.0,78.31,2535000
2020-08-25,92.45,93.03,91.72,92.77,78.96,2443900
2020-08-26,92.07,92.74,91.52,92.17,78.45,1603500
2020-08-27,92.49,93.9,92.49,93.31,79.42,1407300
2020-08-28,93.68,93.82,93.12,93.68,79.74,1425600
2020-08-31,93.71,95.35,93.1,95.04,80.9,2169100
2020-09-01,94.8,95.29,93.08,93.87,79.9,2426200
2020-09-02,94.11,95.37,93.25,95.0,80.86,1774100
2020-09-03,95.59,96.2,92.66,93.29,79.41,2378000
2020-09-04,93.99,95.05,92.43,92.94,79.11,2059500
2020-09-08,93.09,93.09,90.63,91.81,78.15,2398200
2020-09-09,92.34,95.41,92.34,94.67,80.58,1826900
2020-09-10,94.47,95.59,94.15,94.35,80.31,1912000
2020-09-11,94.3,95.67,94.18,94.98,80.84,1494700
2020-09-14,95.68,96.58,95.37,96.26,81.93,1838700
2020-09-15,96.37,96.9,94.94,95.08,80.93,1764100
2020-09-16,95.89,96.25,95.05,95.08,80.93,1808200
2020-09-17,94.39,95.99,93.81,95.43,81.23,2322200
2020-09-18,95.12,97.52,94.94,96.86,82.44,3894600
2020-09-21,95.69,97.38,95.36,97.36,82.87,2740800
2020-09-22,96.71,97.81,93.48,94.42,80.37,2923100
2020-09-23,94.44,94.7,91.14,91.19,77.62,2881300
2020-09-24,91.73,92.91,90.89,92.2,78.48,1810400
2020-09-25,91.32,92.82,91.2,92.6,78.82,1676800
2020-09-28,93.56,94.97,93.25,93.98,79.99,1826900
2020-09-29,94.13,94.77,93.59,94.15,80.14,1744700
2020-09-30,94.38,94.99,93.49,94.67,80.58,3119600
2020-10-01,95.08,95.44,92.72,93.46,79.55,2006300
2020-10-02,92.87,95.3,92.4,94.21,80.19,1586800
2020-10-05,95.18,96.08,94.28,95.98,81.7,1325200
2020-10-06,96.1,96.38,94.45,95.12,81.05,1971300
2020-10-07,95.25,97.0,95.25,96.41,82.15,2305500
2020-10-08,96.79,98.02,96.31,97.97,83.48,1393000
2020-10-09,98.04,99.9,97.68,99.88,85.1,1919500
2020-10-12,99.99,101.51,99.48,101.38,86.38,2081200
2020-10-13,101.35,102.05,99.96,100.27,85.44,2206900
2020-10-14,100.57,102.0,99.56,99.65,84.91,2107800
2020-10-15,96.14,99.06,96.01,97.51,83.08,2740800
2020-10-16,98.18,98.18,96.17,96.52,82.24,2815700
2020-10-19,97.45,97.8,95.48,95.78,81.61,1459900
2020-10-20,96.42,96.73,94.23,94.59,80.6,1934700
2020-10-21,94.85,95.78,93.33,93.6,79.75,2098500
2020-10-22,93.35,95.22,92.87,94.39,80.43,1918200
2020-10-23,94.56,95.17,94.32,94.62,80.62,1562600
2020-10-26,93.88,94.51,92.58,93.84,79.96,1699900
2020-10-27,93.92,94.8,93.55,93.8,79.92,1505400
2020-10-28,92.5,93.49,91.14,91.57,78.02,1978500
2020-10-29,91.52,91.98,90.08,91.06,77.59,2176700
2020-10-30,90.97,92.09,90.11,91.9,78.3,2205600
2020-11-02,93.09,94.66,92.58,94.4,80.43,1913700
2020-11-03,94.68,96.18,94.16,94.47,80.49,2678700
2020-11-04,94.01,97.54,94.01,95.86,81.68,2979400
2020-11-05,96.82,98.04,96.02,97.29,82.9,2268500
2020-11-06,97.91,98.48,96.53,97.91,83.43,1976800
2020-11-09,99.82,100.34,90.37,90.39,77.02,5748500
2020-11-10,90.82,93.37,88.67,92.65,78.94,4402500
2020-11-11,93.2,94.18,92.09,92.72,79.0,2612700
2020-11-12,93.09,94.83,92.33,94.68,80.67,2740300
2020-11-13,95.0,95.96,94.53,95.66,81.51,2018900
2020-11-16,94.96,96.24,94.96,95.9,81.71,2291200
2020-11-17,95.1,95.64,93.75,94.93,80.89,2272600
2020-11-18,94.69,95.45,93.88,94.45,80.48,1942000
2020-11-19,93.56,94.89,93.01,94.27,80.32,2129600
2020-11-20,94.5,95.03,92.84,93.14,79.36,2562200
2020-11-23,93.13,93.49,92.03,92.93,79.18,2491500
2020-11-24,91.08,91.5,87.46,88.63,75.52,5954700
2020-11-25,88.75,89.46,88.03,89.4,76.17,2250200
2020-11-27,88.89,89.47,87.21,88.43,75.35,1113500
2020-11-30,88.5,88.66,86.22,87.11,74.22,4022300
2020-12-01,87.85,89.21,87.63,89.16,75.97,3097900
2020-12-02,89.95,90.94,88.78,89.2,76.0,2524500
2020-12-03,88.61,89.3,87.78,88.3,75.24,3240600
2020-12-04,88.29,89.6,87.55,89.52,76.28,2229100
2020-12-07,90.51,91.32,89.44,90.25,76.9,3141800
2020-12-08,88.91,94.4,88.7,92.84,79.11,4211800
2020-12-09,92.32,93.93,92.12,93.6,79.75,2833500
2020-12-10,93.57,94.62,92.72,94.2,80.26,3402700
2020-12-11,93.84,95.06,93.84,94.39,80.43,1968100
2020-12-14,94.63,96.06,94.09,94.1,80.18,2608100
2020-12-15,94.61,96.71,94.5,96.69,82.39,2877000
2020-12-16,97.17,98.03,95.64,96.36,82.1,2446200
2020-12-17,96.66,98.56,96.12,96.31,82.06,3615400
2020-12-18,96.36,97.26,95.66,96.95,82.61,5330200
2020-12-21,96.84,98.07,95.68,97.94,83.45,2486000
2020-12-22,97.7,98.66,97.54,97.99,83.49,1751000
2020-12-23,98.68,98.85,97.33,97.51,83.08,3062700
2020-12-24,97.4,98.46,97.27,98.31,83.77,724700
2020-12-28,98.72,98.96,97.2,98.12,83.6,1338800
2020-12-29,98.49,98.94,97.58,97.69,83.24,1221700
2020-12-30,98.29,98.5,97.3,97.41,83.0,1477800
2020-12-31,97.82,98.94,97.25,98.88,84.25,1440200
2021-01-04,97.58,98.22,95.93,97.13,82.76,2485200
2021-01-05,97.44,97.63,95.21,96.95,82.61,2623200
2021-01-06,96.6,98.91,96.0,98.79,84.17,2833600
2021-01-07,94.54,95.33,94.09,94.74,84.67,2698300
2021-01-08,92.99,94.85,92.84,94.5,84.45,1685400
2021-01-11,94.21,95.13,93.87,95.09,84.98,1759700
2021-01-12,94.87,96.04,94.54,95.07,84.96,2090200
2021-01-13,95.08,95.51,94.42,94.93,84.84,2072300
2021-01-14,95.31,95.61,93.36,93.45,83.51,1602300
2021-01-15,93.45,95.01,92.87,94.8,84.72,3053300
2021-01-19,95.0,97.15,94.25,96.19,85.96,3463300
2021-01-20,95.94,96.85,95.33,96.06,85.85,1474900
2021-01-21,96.15,96.64,94.26,94.26,84.24,1695300
2021-01-22,94.0,94.27,92.3,92.31,82.49,2688200
2021-01-25,92.27,93.59,91.38,92.42,82.59,3119600
2021-01-26,92.53,92.83,91.14,91.72,81.97,2595600
2021-01-27,90.79,91.33,86.71,87.04,77.79,4866900
2021-01-28,87.52,89.7,86.8,88.49,79.08,6292500
2021-01-29,88.18,89.07,86.72,87.19,77.92,4756500
2021-02-01,87.49,88.12,85.47,86.19,77.03,5151700
2021-02-02,86.94,88.27,86.55,86.75,77.53,3261200
2021-02-03,86.17,87.09,85.88,86.96,77.71,2726000
2021-02-04,86.95,88.22,86.31,88.14,78.77,3279900
2021-02-05,88.33,88.95,87.45,87.47,78.17,2216300
2021-02-08,87.92,88.02,85.9,86.17,77.01,3958300
2021-02-09,86.44,86.86,85.33,86.27,77.1,4551400
2021-02-10,86.79,86.97,85.04,85.53,76.44,3265300
2021-02-11,85.61,86.75,85.13,86.37,77.19,2475800
2021-02-12,86.0,86.62,85.75,86.27,77.1,2326900
2021-02-16,86.5,87.16,84.89,85.13,76.08,3846800
2021-02-17,85.08,86.43,85.08,86.25,77.08,3951900
2021-02-18,86.28,88.52,86.01,88.1,78.73,2921000
2021-02-19,88.45,88.72,87.04,87.06,77.8,2580700
2021-02-22,87.0,88.11,86.43,87.79,78.46,2646900
2021-02-23,88.44,90.49,88.0,89.75,80.21,4797000
2021-02-24,89.75,91.0,87.73,87.74,78.41,3659500
2021-02-25,87.74,88.64,86.63,87.11,77.85,3552800
2021-02-26,87.61,87.68,85.5,85.95,76.81,4540100
2021-03-01,86.48,88.25,86.48,87.64,78.32,2193200
2021-03-02,87.77,89.24,87.33,88.71,79.28,2911500
2021-03-03,88.41,90.38,87.87,88.86,79.41,2788900
2021-03-04,88.68,89.3,86.76,86.99,77.74,3305400
2021-03-05,87.95,89.8,86.84,89.56,80.04,3341400
2021-03-08,89.52,92.6,88.69,91.02,81.34,3192800
2021-03-09,90.48,91.23,90.11,90.18,80.59,2919400
2021-03-10,90.43,92.86,90.12,92.22,82.41,2869700
2021-03-11,92.12,93.58,91.3,92.79,82.92,2998300
2021-03-12,93.34,93.43,92.53,93.04,83.15,1766800
2021-03-15,93.33,93.7,92.7,93.38,83.45,1869700
2021-03-16,92.79,93.54,92.04,93.37,83.44,1955000
2021-03-17,91.3,92.81,90.29,91.1,81.41,3543600
2021-03-18,91.4,91.44,90.01,90.35,80.74,2491900
2021-03-19,90.78,91.59,89.53,90.94,81.27,5568700
2021-03-22,90.27,91.26,89.79,90.13,80.55,1684100
2021-03-23,89.98,91.35,89.98,90.75,81.1,1936000
2021-03-24,90.87,93.88,90.25,92.49,82.66,3203700
2021-03-25,93.05,94.52,92.65,94.23,84.21,4315800
2021-03-26,94.34,95.47,93.84,95.25,85.12,2874900
2021-03-29,95.03,96.98,94.12,96.2,85.97,2410500
2021-03-30,96.03,96.37,94.81,95.55,85.39,2162200
2021-03-31,95.55,95.68,94.69,95.61,85.44,3383000
2021-04-01,95.45,95.84,94.75,95.55,85.39,2487900
2021-04-05,95.9,97.29,95.81,96.72,86.44,2139600
2021-04-06,96.79,96.86,95.22,95.43,85.37,2478400
2021-04-07,95.49,96.23,95.23,95.86,85.76,2146600
2021-04-08,95.69,96.17,94.2,94.98,84.97,2319500
2021-04-09,95.55,95.97,95.12,95.68,85.6,2197000
2021-04-12,95.8,96.47,95.42,96.43,86.27,2537600
2021-04-13,96.3,97.9,96.06,97.29,87.04,3404000
2021-04-14,97.21,97.65,96.93,97.18,86.94,2194900
2021-04-15,97.74,101.49,97.51,100.4,89.82,4481300
2021-04-16,100.26,100.61,98.68,98.76,88.35,4278400
2021-04-19,98.51,99.36,97.36,99.29,88.82,2000100
2021-04-20,99.39,100.56,99.2,99.79,89.27,1606500
2021-04-21,100.37,101.31,100.0,101.21,90.54,2412900
2021-04-22,100.73,100.92,99.52,100.15,89.59,1621100
2021-04-23,100.26,101.0,99.94,100.76,90.14,1788500
2021-04-26,100.82,101.04,99.75,99.86,89.33,2702400
2021-04-27,99.72,100.07,99.43,99.91,89.38,1480800
2021-04-28,100.38,100.6,99.42,100.36,89.78,1386800
2021-04-29,100.4,102.04,100.36,101.95,91.2,1724000
2021-04-30,101.78,102.24,100.67,100.74,90.12,2364300
2021-05-03,101.79,102.95,101.03,102.56,91.75,2182300
2021-05-04,102.31,103.17,102.08,103.13,92.26,3055700
2021-05-05,103.14,104.06,102.55,103.8,92.86,2297400
2021-05-06,104.5,104.79,103.81,104.2,93.22,2167400
2021-05-07,103.8,105.42,103.45,105.18,94.09,2158300
2021-05-10,105.57,107.15,105.52,105.74,94.59,2265000
2021-05-11,107.44,107.44,104.75,105.08,94.0,3404300
2021-05-12,105.1,105.99,104.6,104.76,93.72,2683600
2021-05-13,104.4,106.81,104.06,106.05,94.87,2211000
2021-05-14,106.51,107.59,106.28,107.1,95.81,1573800
2021-05-17,107.1,107.53,106.42,106.56,95.33,1437100
2021-05-18,106.39,106.67,105.46,105.98,94.81,1787100
2021-05-19,105.35,105.7,99.61,101.0,90.35,5700900
2021-05-20,99.17,102.83,99.0,102.04,91.28,3446100
2021-05-21,102.06,102.34,99.1,99.14,88.69,3469000
2021-05-24,99.22,100.1,97.18,97.46,87.19,3506400
2021-05-25,96.71,98.18,96.45,97.28,87.03,3001500
2021-05-26,98.23,99.02,97.42,98.4,88.03,3201600
2021-05-27,98.72,99.29,97.9,99.15,88.7,4817200
2021-05-28,99.71,100.06,99.04,99.08,88.64,2109000
2021-06-01,99.46,100.32,98.52,99.31,88.84,2071500
2021-06-02,99.58,100.66,98.35,100.47,89.88,2447800
2021-06-03,100.24,101.14,99.96,99.96,89.42,2051900
2021-06-04,100.26,100.56,99.56,100.36,89.78,1318200
2021-06-07,98.75,98.75,95.9,96.39,86.23,4923900
2021-06-08,96.41,96.65,95.43,95.86,85.76,3198700
2021-06-09,95.88,96.25,94.79,94.82,84.83,2628800
2021-06-10,95.06,95.74,93.41,94.02,84.11,3269500
2021-06-11,94.29,94.43,93.25,93.6,83.73,2641200
2021-06-14,93.24,93.4,92.3,93.12,83.3,3647000
2021-06-15,93.28,94.09,92.27,93.76,83.88,3447600
2021-06-16,93.21,94.48,92.13,92.92,83.13,4435900
2021-06-17,92.86,93.24,91.02,91.84,82.16,4415900
2021-06-18,90.78,92.48,90.22,92.31,82.58,9155900
2021-06-21,92.71,94.79,92.7,94.6,84.63,4757200
2021-06-22,94.56,95.41,94.39,94.95,84.94,2381400
2021-06-23,94.91,95.59,94.6,94.92,84.92,1923100
2021-06-24,95.32,95.85,94.9,95.69,85.6,2643200
2021-06-25,95.88,96.98,95.46,96.85,86.64,5359100
2021-06-28,96.77,97.94,96.38,97.33,87.07,2395800
2021-06-29,97.7,98.77,97.65,98.44,88.06,2569300
2021-06-30,98.49,98.86,98.02,98.21,87.86,2570600
2021-07-01,98.52,99.49,97.93,98.84,88.42,2436700
2021-07-02,98.97,99.23,98.44,98.97,88.54,1873600
2021-07-06,98.86,98.9,97.03,97.86,87.63,2659300
2021-07-07,97.64,99.52,97.46,99.11,88.75,2300600
2021-07-08,98.21,99.45,97.93,98.49,88.2,3565800
2021-07-09,99.9,101.37,98.98,99.63,89.22,3426400
2021-07-12,99.5,100.35,98.92,99.88,89.44,2487500
2021-07-13,99.55,99.65,97.72,97.79,87.57,3251000
2021-07-14,98.0,98.62,96.64,97.45,87.27,2377800
2021-07-15,90.0,95.5,89.6,94.95,85.03,7070200
2021-07-16,93.41,96.31,92.97,96.18,86.13,4555800
2021-07-19,95.29,95.7,93.66,94.57,84.69,3959500
2021-07-20,94.83,96.0,94.04,94.42,84.55,3198100
2021-07-21,94.51,95.4,93.95,94.01,84.19,2576100
2021-07-22,93.82,93.9,92.92,93.4,83.64,3876800
2021-07-23,93.69,94.82,93.45,94.73,84.83,2095700
2021-07-26,94.4,94.97,94.28,94.64,84.75,1836100
2021-07-27,94.41,96.25,93.98,95.88,85.86,2216100
2021-07-28,95.88,95.95,94.49,94.52,84.64,2894800
2021-07-29,94.97,96.09,94.72,95.76,85.75,1867200
2021-07-30,95.66,96.01,94.85,95.16,85.22,2355100
2021-08-02,95.64,96.24,94.94,95.04,85.11,1510600
2021-08-03,95.52,96.79,95.01,96.61,86.51,2069900
2021-08-04,96.35,96.36,95.24,95.35,85.39,1870900
2021-08-05,95.59,95.59,94.17,95.42,85.45,2403000
2021-08-06,95.88,97.44,95.4,96.92,86.79,3067700
2021-08-09,97.17,97.59,96.71,97.12,86.97,1522000
2021-08-10,96.95,97.38,96.26,96.35,86.28,2120500
2021-08-11,96.5,97.15,95.78,97.09,86.94,2050700
2021-08-12,97.1,97.47,96.53,96.94,86.81,1803100
2021-08-13,97.07,97.17,96.01,96.12,86.08,1413400
2021-08-16,95.69,97.22,95.23,97.1,86.95,3565000
2021-08-17,96.5,96.53,94.56,95.67,85.67,3631800
2021-08-18,94.94,96.27,94.39,95.57,85.58,3890100
2021-08-19,95.47,96.97,95.34,96.2,86.15,1750300
2021-08-20,96.37,98.61,95.95,97.57,87.37,3638800
2021-08-23,97.37,98.21,97.24,97.29,87.12,1898500
2021-08-24,97.39,97.79,96.28,96.63,86.53,1601100
2021-08-25,96.54,97.0,96.15,96.22,86.17,1669900
2021-08-26,96.16,96.47,95.75,96.23,86.17,2663900
2021-08-27,96.55,97.65,96.02,97.49,87.3,2913300
2021-08-30,97.57,97.73,96.04,96.15,86.1,1922700
2021-08-31,96.34,97.3,96.05,96.34,86.27,2547100
2021-09-01,96.24,96.63,95.19,96.41,86.34,1872300
2021-09-02,96.44,97.05,95.98,96.35,86.28,2193900
2021-09-03,96.17,96.68,95.5,96.23,86.17,1405300
2021-09-07,95.73,95.9,94.13,94.26,84.41,1803500
2021-09-08,94.26,94.74,94.05,94.29,84.44,2279800
2021-09-09,94.18,94.47,93.19,93.22,83.48,2095800
2021-09-10,93.27,93.77,92.35,93.12,83.39,1943200
2021-09-13,93.65,94.34,92.97,94.0,84.18,2506700
2021-09-14,93.91,94.23,92.91,93.2,83.46,2455900
2021-09-15,93.31,93.71,92.62,93.31,83.56,2546200
2021-09-16,93.37,93.37,92.54,92.99,83.27,1482000
2021-09-17,92.67,92.96,92.17,92.61,82.93,4029700
2021-09-20,91.94,92.47,91.14,92.21,82.57,2250400
2021-09-21,92.39,93.26,92.03,92.07,82.45,1882100
2021-09-22,92.75,92.76,91.82,92.04,82.42,1894900
2021-09-23,92.27,92.48,91.48,91.57,82.0,2424600
2021-09-24,91.93,92.29,91.3,91.56,81.99,1690100
2021-09-27,91.46,92.29,90.65,90.68,81.2,2155000
2021-09-28,90.65,91.0,89.88,90.35,80.91,3803800
2021-09-29,89.73,91.99,89.73,91.14,81.62,2531300
2021-09-30,91.51,92.02,90.35,90.39,80.94,2472900
2021-10-01,90.7,91.64,89.68,90.94,81.44,2685800
2021-10-04,90.9,91.5,89.92,90.31,80.87,2831100
2021-10-05,90.95,91.66,90.48,91.26,81.72,2973300
2021-10-06,91.01,92.4,90.68,92.27,82.72,2269700
2021-10-07,92.66,93.33,91.07,91.14,81.71,3075200
2021-10-08,91.25,91.74,90.32,90.93,81.52,2023600
2021-10-11,91.07,92.43,91.07,91.2,81.76,1842000
2021-10-12,91.21,91.45,89.97,90.52,81.15,2356700
2021-10-13,90.43,90.93,89.5,90.82,81.42,1887800
2021-10-14,90.25,91.18,89.35,90.01,80.69,3635000
2021-10-15,90.53,92.27,89.88,91.25,81.8,3179700
2021-10-18,90.99,91.05,89.94,90.34,80.99,2419400
2021-10-19,90.88,92.73,90.6,92.62,83.03,2674000
2021-10-20,92.93,94.54,92.82,94.5,84.72,2562100
2021-10-21,94.71,94.79,93.3,94.63,84.83,3149800
2021-10-22,94.89,96.49,94.68,95.62,85.72,2542800
2021-10-25,95.63,96.65,95.21,96.35,86.38,2235500
2021-10-26,96.41,96.9,96.14,96.25,86.29,1989700
2021-10-27,96.52,96.52,94.2,94.3,84.54,1739300
2021-10-28,94.55,95.82,94.42,95.69,85.78,1315000
2021-10-29,95.89,95.99,94.67,94.88,85.06,2128200
2021-11-01,94.84,95.09,93.08,94.7,84.9,1945400
2021-11-02,94.92,94.94,94.21,94.62,84.83,2053900
2021-11-03,94.48,95.5,93.81,95.15,85.3,2139700
2021-11-04,94.72,95.97,94.13,94.57,84.78,3018400
2021-11-05,94.86,96.68,94.59,95.84,85.92,2170200
2021-11-08,95.94,96.61,95.54,96.41,86.43,2074400
2021-11-09,96.01,96.36,94.73,95.45,85.57,2807900
2021-11-10,95.5,96.25,95.24,95.71,85.8,1694000
2021-11-11,95.11,96.11,94.89,95.86,85.94,1566900
2021-11-12,96.02,96.44,95.3,96.17,86.21,1778900
2021-11-15,96.45,96.49,93.71,93.98,84.25,2304200
2021-11-16,94.1,95.08,93.83,93.88,84.16,2256200
2021-11-17,93.62,94.14,90.7,90.73,81.34,4601700
2021-11-18,90.51,91.78,89.86,90.72,81.33,2663500
2021-11-19,90.35,91.23,89.66,90.3,80.95,2581400
2021-11-22,90.61,92.84,90.48,92.05,82.52,2659900
2021-11-23,92.89,94.75,92.09,94.52,84.74,3257600
2021-11-24,94.43,95.91,93.98,95.64,85.74,2449600
2021-11-26,94.35,95.91,94.06,94.59,84.8,1817400
2021-11-29,95.21,95.62,93.4,94.97,85.14,2134000
2021-11-30,94.15,94.66,92.44,92.94,83.32,6405100
2021-12-01,93.96,95.36,93.11,93.13,83.49,2961500
2021-12-02,93.6,96.88,93.36,96.0,86.06,2787000
2021-12-03,96.13,96.31,94.17,95.22,85.36,2605700
2021-12-06,96.43,97.13,95.96,96.79,86.77,2788400
2021-12-07,97.16,97.42,96.3,96.81,86.79,2876800
2021-12-08,96.94,97.28,94.88,95.12,85.27,2397200
2021-12-09,94.36,95.58,94.11,95.25,85.39,2584800
2021-12-10,95.76,95.91,94.74,95.06,85.22,2385800
2021-12-13,94.71,97.29,94.63,96.69,86.68,3029800
2021-12-14,96.86,98.0,96.7,97.14,87.08,2939400
2021-12-15,98.0,103.17,97.74,101.81,91.27,5645000
2021-12-16,101.18,103.77,101.16,103.02,92.36,4065400
2021-12-17,101.7,102.3,99.73,100.97,91.86,5842000
2021-12-20,100.2,101.67,99.28,101.52,92.36,2560800
2021-12-21,102.03,103.1,100.67,101.22,92.08,3429400
2021-12-22,101.35,101.35,100.09,101.16,92.03,1629700
2021-12-23,101.5,102.21,101.07,101.25,92.11,2133300
2021-12-27,101.46,103.34,101.38,103.32,93.99,1306100
2021-12-28,103.3,104.07,103.26,103.35,94.02,1833600
2021-12-29,103.42,104.59,103.42,103.97,94.58,1785500
2021-12-30,104.23,104.66,102.96,103.05,93.75,1165200
2021-12-31,103.23,103.69,102.63,102.65,93.38,1347600
2022-01-03,102.5,102.83,101.32,102.0,92.79,2088700
2022-01-04,102.24,102.62,101.48,102.16,92.94,2773000
2022-01-05,102.4,104.05,102.23,102.89,93.6,2731700
2022-01-06,104.46,105.41,104.03,105.25,95.84,3669700
2022-01-07,105.57,109.29,105.14,109.18,99.42,4861000
2022-01-10,109.68,110.68,108.62,110.0,100.17,5015000
2022-01-11,110.37,110.91,107.48,108.92,99.18,4137600
2022-01-12,108.33,110.45,108.33,109.85,100.03,3486900
2022-01-13,110.01,110.84,108.96,109.26,99.49,2662600
2022-01-14,109.02,109.94,108.54,109.75,99.94,2993600
2022-01-18,109.54,109.98,108.02,109.87,100.05,3228400
2022-01-19,109.57,109.85,107.51,107.63,98.01,2578400
2022-01-20,107.85,108.9,106.9,107.17,97.59,2507000
2022-01-21,107.88,108.76,107.57,108.02,98.36,4086800
2022-01-24,108.38,111.13,106.86,109.88,100.06,5949500
2022-01-25,109.65,110.42,107.7,109.3,99.53,3371300
2022-01-26,111.85,111.85,105.28,107.63,98.01,4566700
2022-01-27,108.16,110.04,106.96,107.64,98.02,3107700
2022-01-28,107.95,108.73,106.85,108.72,99.0,3020700
2022-01-31,107.86,108.79,106.91,108.66,98.95,2589100
2022-02-01,108.25,108.25,106.64,108.1,98.44,2646300
2022-02-02,107.79,109.78,107.71,109.48,99.69,2330800
2022-02-03,109.7,110.51,108.76,109.7,99.89,1974900
2022-02-04,109.49,110.15,108.49,109.07,99.32,1895500
2022-02-07,109.33,109.74,108.13,109.1,99.35,2229200
2022-02-08,109.52,109.7,108.48,109.2,99.44,2552100
2022-02-09,109.0,109.67,108.22,108.43,98.74,1735600
2022-02-10,107.82,108.37,106.07,106.51,96.99,3173200
2022-02-11,106.3,107.51,105.52,106.2,96.71,2925800
2022-02-14,105.36,106.53,104.11,106.21,96.72,3541000
2022-02-15,106.71,107.62,105.49,105.78,96.32,2224300
2022-02-16,105.68,107.99,105.36,106.08,96.6,2490400
2022-02-17,105.84,105.99,104.41,105.23,95.82,2347500
2022-02-18,105.14,106.89,104.99,106.41,96.9,5612000
2022-02-22,106.82,107.69,105.45,106.25,96.75,1991700
2022-02-23,106.65,106.76,104.52,104.62,95.27,1964900
2022-02-24,103.43,103.92,100.81,102.88,93.68,3184800
2022-02-25,102.64,107.31,102.64,107.24,97.65,2206200
2022-02-28,103.73,106.72,103.73,105.93,96.46,2841900
2022-03-01,105.23,105.87,103.19,103.24,94.01,3738900
2022-03-02,103.26,105.32,103.25,104.92,95.54,2181600
2022-03-03,105.34,106.27,104.79,105.08,95.69,1797500
2022-03-04,104.02,107.25,103.34,107.19,97.61,2018300
2022-03-07,106.16,108.68,105.22,106.52,97.0,3138400
2022-03-08,106.43,108.81,103.75,103.76,94.49,3411000
2022-03-09,104.43,105.61,102.3,104.1,94.79,2447800
2022-03-10,103.84,105.21,103.47,104.67,95.31,1943700
2022-03-11,104.51,106.75,104.48,105.54,96.11,1652600
2022-03-14,106.87,107.87,105.42,105.71,96.26,2019700
2022-03-15,106.64,107.54,105.44,107.31,97.72,1776300
2022-03-16,107.4,107.95,104.01,106.14,96.65,2716200
2022-03-17,106.22,109.94,105.96,109.52,99.73,2261800
2022-03-18,111.08,111.53,109.15,111.22,101.28,3946700
2022-03-21,111.78,113.54,110.91,112.18,102.15,1977900
2022-03-22,112.87,113.55,111.82,113.35,103.22,2316100
2022-03-23,113.44,114.62,112.76,114.0,103.81,1935200
2022-03-24,114.28,114.99,113.51,114.1,103.9,2185300
2022-03-25,114.2,116.74,114.14,116.67,106.24,1965300
2022-03-28,117.0,117.22,115.94,116.88,106.43,1836000
2022-03-29,117.07,117.32,114.87,116.19,105.8,1628700
2022-03-30,116.4,117.19,115.52,117.17,106.7,1650300
2022-03-31,117.02,117.58,113.96,113.99,103.8,3354100
2022-04-01,114.14,115.33,113.42,115.19,104.89,1735100
2022-04-04,115.0,116.07,113.92,114.1,103.9,2307000
2022-04-05,114.22,115.91,113.81,114.23,104.02,1946600
2022-04-06,114.24,116.95,114.09,116.87,106.52,2850300
2022-04-07,117.0,120.09,115.62,119.53,108.94,5093500
2022-04-08,119.6,120.17,117.97,118.51,108.01,3216000
2022-04-11,118.59,119.09,117.56,118.43,107.94,2851900
2022-04-12,117.38,117.89,114.98,115.3,105.09,2417300
2022-04-13,115.01,115.61,113.37,113.91,103.82,2208500
2022-04-14,112.28,113.28,110.87,112.11,102.18,3918300
2022-04-18,109.59,110.77,108.9,109.64,99.93,2221600
2022-04-19,109.56,111.45,108.89,111.15,101.3,2639100
2022-04-20,111.64,113.17,111.38,113.04,103.03,2147600
2022-04-21,113.59,116.21,112.91,113.02,103.01,2825000
2022-04-22,112.57,112.71,108.23,108.34,98.74,2263700
2022-04-25,108.19,110.89,107.01,110.56,100.77,2662100
2022-04-26,109.51,111.0,108.41,108.41,98.81,2502400
2022-04-27,108.83,109.3,106.7,106.95,97.48,3365400
2022-04-28,107.69,110.62,106.35,110.42,100.64,2696400
2022-04-29,109.66,109.71,107.22,107.36,97.85,2771100
2022-05-02,108.16,110.48,107.31,110.33,100.56,4227700
2022-05-03,110.55,113.26,110.36,112.23,102.29,3121800
2022-05-04,112.59,115.91,111.88,115.84,105.58,2960100
2022-05-05,114.98,115.66,111.56,112.41,102.45,2202900
2022-05-06,112.0,112.95,108.31,109.46,99.76,3653200
2022-05-09,109.5,110.18,107.86,108.75,99.12,2743700
2022-05-10,110.17,110.94,107.52,108.27,98.68,3449600
2022-05-11,107.77,110.14,107.38,107.87,98.31,2404400
2022-05-12,108.01,109.03,106.95,108.8,99.16,3275900
2022-05-13,109.56,109.72,107.1,107.82,98.27,2253000
2022-05-16,108.49,110.88,108.32,109.75,100.03,4149900
2022-05-17,109.95,111.37,107.32,111.19,101.34,2947200
2022-05-18,111.09,113.4,109.77,111.9,101.99,3544900
2022-05-19,110.79,111.36,108.63,110.42,100.64,3130400
2022-05-20,110.77,111.36,108.61,110.99,101.16,3812900
2022-05-23,112.46,113.8,111.35,112.94,102.93,2087600
2022-05-24,112.94,115.06,111.56,114.73,104.57,2698800
2022-05-25,114.49,116.76,113.8,115.62,105.38,4408200
2022-05-26,116.34,117.58,115.46,116.81,106.46,3339700
2022-05-27,117.02,120.38,116.6,120.34,109.68,3107900
2022-05-31,119.38,120.48,118.17,119.38,108.8,8747200
2022-06-01,119.05,119.36,117.19,118.47,107.98,2979400
2022-06-02,119.38,119.75,117.93,119.38,108.8,2131500
2022-06-03,118.5,119.77,118.23,119.11,108.56,1575400
2022-06-06,120.27,120.55,119.66,120.07,109.43,1992300
2022-06-07,119.3,121.36,118.92,121.19,110.45,3117500
2022-06-08,120.86,120.94,118.78,119.63,109.03,2159700
2022-06-09,119.45,119.91,115.47,115.54,105.3,2344600
2022-06-10,113.8,114.82,112.81,113.56,103.5,2020300
2022-06-13,111.72,114.94,111.44,113.54,103.48,2852700
2022-06-14,114.02,114.62,111.68,112.41,102.45,2595200
2022-06-15,113.05,114.34,111.06,112.57,102.6,2280000
2022-06-16,111.02,111.99,109.84,110.21,100.45,2304800
2022-06-17,110.24,111.08,108.86,109.56,99.85,4699600
2022-06-21,110.93,112.48,110.4,112.18,102.24,2918200
2022-06-22,111.37,113.32,111.09,111.85,101.94,2464000
2022-06-23,112.5,112.98,108.64,109.75,100.03,3162000
2022-06-24,111.38,116.37,110.61,115.99,105.71,10282200
2022-06-27,115.94,116.86,114.99,116.56,106.23,1938400
2022-06-28,117.24,118.36,115.27,115.42,105.2,3272300
2022-06-29,116.06,116.78,113.51,113.64,103.57,2177500
2022-06-30,113.06,116.4,112.25,116.27,105.97,3913800
2022-07-01,116.39,118.95,115.7,118.48,107.98,2895200
2022-07-05,117.49,117.88,114.79,117.14,106.76,2518100
2022-07-06,117.0,120.45,116.76,120.04,109.5,3466600
2022-07-07,120.86,122.24,120.07,120.62,110.03,3006900
2022-07-08,120.87,121.6,120.2,120.38,109.81,2802000
2022-07-11,119.89,120.93,119.78,120.32,109.75,2338300
2022-07-12,119.35,119.57,116.5,117.05,106.77,2484200
2022-07-13,116.55,118.94,116.23,117.42,107.11,3411000
2022-07-14,114.83,115.37,111.13,112.33,102.47,4881100
2022-07-15,115.2,116.72,113.74,116.08,105.89,7515800
2022-07-18,116.2,116.46,110.08,110.29,100.61,3808500
2022-07-19,111.26,112.34,110.5,111.96,102.13,3118700
2022-07-20,112.49,112.76,110.34,111.34,101.56,2801600
2022-07-21,110.96,112.12,109.42,111.29,101.52,3277400
2022-07-22,111.58,112.27,110.75,111.19,101.43,1697900
2022-07-25,111.77,112.98,111.59,112.64,102.75,2247800
2022-07-26,112.64,113.39,111.95,112.59,102.7,1925900
2022-07-27,112.7,113.65,111.88,113.12,103.19,1464000
2022-07-28,113.98,114.72,111.61,114.19,104.16,2078900
2022-07-29,114.42,115.41,114.34,115.06,104.96,2750300
2022-08-01,114.5,115.05,112.43,113.26,103.31,2294000
2022-08-02,112.89,115.04,112.36,113.19,103.25,3281300
2022-08-03,113.66,115.0,111.32,114.75,104.67,2378400
2022-08-04,114.84,117.44,114.49,116.78,106.53,2628700
2022-08-05,116.49,118.4,116.04,118.28,107.89,1525700
2022-08-08,118.59,119.38,118.13,118.49,108.09,1574100
2022-08-09,119.28,120.24,119.02,119.66,109.15,1583800
2022-08-10,120.72,120.97,119.84,120.89,110.27,2189500
2022-08-11,121.33,122.15,120.26,120.46,109.88,2376700
2022-08-12,120.84,121.8,120.72,121.77,111.08,1619300
2022-08-15,120.93,122.18,120.33,122.01,111.3,1690000
2022-08-16,121.64,122.77,121.45,122.49,111.73,1916200
2022-08-17,122.49,127.43,122.13,127.06,115.9,4099900
2022-08-18,127.12,128.58,126.97,128.21,116.95,2241000
2022-08-19,128.09,128.18,127.1,127.48,116.29,2058700
2022-08-22,127.18,127.65,125.75,125.94,114.88,1584400
2022-08-23,125.67,126.03,124.34,124.4,113.48,1757400
2022-08-24,124.1,125.76,123.78,125.48,114.46,1567900
2022-08-25,125.98,126.5,125.39,126.43,115.33,1192200
2022-08-26,126.43,126.75,125.09,125.16,114.17,1827300
2022-08-29,124.96,126.24,123.97,125.02,114.04,1591900
2022-08-30,124.69,125.16,123.86,124.24,113.33,1526100
2022-08-31,124.63,125.09,122.57,122.65,111.88,2103900
2022-09-01,122.65,124.19,122.34,123.7,112.84,2382600
2022-09-02,124.42,125.42,121.86,122.41,111.66,1826500
2022-09-06,122.48,123.89,122.0,122.48,111.73,2219800
2022-09-07,122.71,127.35,121.96,127.2,116.03,2448800
2022-09-08,126.95,129.24,125.87,129.22,117.87,1998700
2022-09-09,128.45,129.0,127.39,128.68,117.38,2544300
2022-09-12,128.67,129.76,127.52,129.1,117.76,2445600
2022-09-13,127.74,128.76,126.51,126.71,115.58,3045000
2022-09-14,127.4,128.59,127.13,128.04,116.8,2941800
2022-09-15,128.14,129.15,127.0,127.09,115.93,2071300
2022-09-16,126.68,127.02,124.64,124.89,113.92,4036900
2022-09-19,124.24,127.36,123.81,127.29,116.11,1858400
2022-09-20,126.01,126.45,123.5,125.1,114.12,2049400
2022-09-21,125.81,126.05,121.36,121.36,110.7,2768200
2022-09-22,121.8,123.48,120.55,122.42,111.67,2280000
2022-09-23,121.96,122.23,120.48,121.53,110.86,2004200
2022-09-26,120.69,121.18,118.47,118.88,108.44,2435300
2022-09-27,119.7,120.54,118.29,119.1,108.64,2118300
2022-09-28,119.6,120.05,118.02,119.05,108.6,4193500
2022-09-29,118.85,119.21,117.16,118.39,107.99,2303500
2022-09-30,118.26,118.83,116.14,116.21,106.01,2814200
2022-10-03,117.41,120.66,116.39,120.5,109.92,2427900
2022-10-04,121.13,124.08,120.46,123.94,113.06,2425800
2022-10-05,122.98,123.61,122.08,122.34,111.6,2600600
2022-10-06,121.43,122.95,121.42,121.92,111.31,2750500
2022-10-07,121.94,122.77,120.82,121.96,111.34,2521800
2022-10-10,122.15,124.4,121.83,123.73,112.96,2571100
2022-10-11,123.32,125.31,122.6,123.45,112.7,2629500
2022-10-12,123.67,124.57,121.37,121.4,110.83,2225900
2022-10-13,113.53,122.95,110.04,122.42,111.76,7584800
2022-10-14,123.74,123.85,115.64,115.89,105.8,3681700
2022-10-17,116.74,120.23,116.59,119.59,109.18,2644000
2022-10-18,121.58,121.92,119.3,120.26,109.79,2615700
2022-10-19,120.25,122.62,120.11,121.2,110.65,2001400
2022-10-20,118.88,120.52,118.01,118.86,108.51,2502000
2022-10-21,119.59,122.5,118.67,122.45,111.79,2985100
2022-10-24,123.67,125.77,122.1,123.26,112.53,2607800
2022-10-25,121.84,122.57,120.27,122.11,111.48,2473200
2022-10-26,122.93,124.44,122.05,122.93,112.23,1893100
2022-10-27,123.87,126.55,123.68,124.38,113.55,2173600
2022-10-28,125.36,129.9,125.18,129.7,118.41,2483400
2022-10-31,129.03,129.47,128.05,128.4,117.22,2062900
2022-11-01,128.87,129.91,127.95,129.02,117.79,2443300
2022-11-02,128.7,130.31,127.43,127.73,116.61,2151700
2022-11-03,127.18,128.68,126.44,127.32,116.24,1786900
2022-11-04,128.9,129.26,124.84,126.62,115.6,2818800
2022-11-07,126.62,127.56,125.99,127.3,116.22,2555800
2022-11-08,127.27,130.07,127.02,129.1,117.86,1903100
2022-11-09,129.1,130.2,127.49,127.7,116.58,1762100
2022-11-10,130.61,130.95,128.08,129.74,118.44,2488500
2022-11-11,129.92,131.0,125.13,126.23,115.24,3761100
2022-11-14,126.71,127.12,122.92,122.98,112.27,3874000
2022-11-15,123.72,124.26,121.96,123.06,112.35,4372000
2022-11-16,122.82,126.35,120.26,125.91,114.95,4295900
2022-11-17,125.45,128.63,125.29,128.02,116.87,2014400
2022-11-18,129.59,129.95,127.29,128.36,117.18,3370300
2022-11-21,128.51,130.14,127.78,129.81,118.51,1525500
2022-11-22,130.44,131.49,129.69,130.09,118.76,1546000
2022-11-23,130.0,131.37,129.85,131.09,119.68,1371700
2022-11-25,131.5,132.93,130.68,131.57,120.12,1029900
2022-11-28,131.29,132.49,129.95,130.02,118.7,1992800
2022-11-29,128.74,131.67,127.6,131.12,119.7,1751300
2022-11-30,130.68,132.61,129.12,132.15,120.64,4446500
2022-12-01,133.96,134.5,129.03,131.26,119.83,2325600
2022-12-02,130.74,132.79,130.0,132.51,120.97,1253200
2022-12-05,131.74,132.06,130.27,131.26,119.83,1198800
2022-12-06,131.26,131.66,130.24,130.97,119.57,1578100
2022-12-07,131.12,132.35,130.04,130.48,119.12,1783300
2022-12-08,130.49,132.41,130.42,131.18,119.76,1240200
2022-12-09,131.12,131.93,129.26,129.38,118.12,1313900
2022-12-12,129.5,130.25,128.9,129.94,118.63,2568200
2022-12-13,131.18,131.18,128.15,128.28,117.11,2566300
2022-12-14,127.16,128.67,126.26,126.58,115.56,3429600
2022-12-15,125.31,128.66,124.82,127.66,116.55,3067500
2022-12-16,127.07,127.47,125.36,126.45,115.44,6129700
2022-12-19,126.55,128.48,125.62,127.07,116.01,2342200
2022-12-20,127.58,129.26,127.1,127.19,116.12,1743800
2022-12-21,127.8,129.64,127.78,129.12,117.88,1744600
2022-12-22,129.14,129.29,126.32,128.6,117.4,2248600
2022-12-23,128.68,129.58,127.66,129.44,118.17,1277700
2022-12-27,129.85,130.79,129.19,130.17,118.84,1625000
2022-12-28,130.79,132.03,129.69,129.72,118.43,1337800
2022-12-29,130.2,131.1,129.74,130.56,119.19,898000
2022-12-30,130.04,130.94,128.43,129.71,118.42,1591300
2023-01-03,129.37,130.21,128.85,130.14,118.81,1502900
2023-01-04,130.36,131.62,129.76,131.24,119.81,1905000
2023-01-05,131.14,131.99,130.04,131.53,120.17,1624900
2023-01-06,133.13,134.84,132.67,134.61,122.98,2116300
2023-01-09,134.99,135.45,131.97,132.01,120.61,2752300
2023-01-10,131.78,133.09,131.6,133.02,121.53,1500200
2023-01-11,133.0,133.4,131.39,132.25,120.83,2125700
2023-01-12,132.01,134.14,131.21,132.94,121.46,1795600
2023-01-13,132.8,134.18,132.18,133.65,122.11,1448500
2023-01-17,134.0,134.33,130.55,130.69,119.4,2293900
2023-01-18,129.91,130.77,128.02,128.23,117.16,1813200
2023-01-19,127.99,128.2,125.31,125.92,115.04,2305800
2023-01-20,126.54,128.3,125.82,127.63,116.61,2647000
2023-01-23,127.57,128.09,126.72,127.12,116.14,2624500
2023-01-24,127.55,129.53,126.59,129.19,118.03,2447700
2023-01-25,128.5,135.5,128.5,135.47,123.77,3024500
2023-01-26,135.87,136.37,134.34,134.91,123.26,2724400
2023-01-27,134.94,135.64,134.07,135.07,123.4,2215300
2023-01-30,135.4,136.09,134.54,135.4,123.71,2689800
2023-01-31,135.73,136.35,135.1,136.35,124.57,3002900
2023-02-01,135.47,139.18,135.35,137.98,126.06,3088000
2023-02-02,137.58,137.58,131.52,134.97,123.31,3763400
2023-02-03,135.41,137.35,134.64,136.31,124.54,2197000
2023-02-06,136.82,138.54,136.73,137.67,125.78,1598400
2023-02-07,136.66,139.0,136.33,138.7,126.72,1975200
2023-02-08,137.96,139.89,137.81,138.37,126.42,1748200
2023-02-09,138.85,139.51,137.12,137.18,125.33,1976800
2023-02-10,137.42,139.35,137.09,138.73,126.75,1723100
2023-02-13,139.04,140.58,139.0,139.71,127.64,1973200
2023-02-14,140.26,141.21,138.58,139.27,127.24,1662000
2023-02-15,139.2,142.01,139.2,141.96,129.7,2416200
2023-02-16,141.99,143.67,141.51,142.54,130.23,2426700
2023-02-17,142.43,142.92,140.92,141.52,129.3,3862500
2023-02-21,141.51,143.35,141.42,142.58,130.27,2638700
2023-02-22,143.0,143.76,141.96,142.49,130.18,1660000
2023-02-23,142.49,143.94,141.6,142.36,130.06,1690500
2023-02-24,141.64,142.12,141.21,141.81,129.56,1764900
2023-02-27,142.1,142.9,141.03,141.69,129.45,1807600
2023-02-28,142.26,144.38,141.96,143.52,131.12,3618600
2023-03-01,142.9,143.65,141.57,142.23,129.95,2346500
2023-03-02,141.58,142.71,140.91,142.25,129.96,1425700
2023-03-03,143.75,145.7,143.14,145.6,133.03,2536300
2023-03-06,145.33,146.5,145.04,145.64,133.06,2349000
2023-03-07,145.95,146.34,144.46,144.83,132.32,2086500
2023-03-08,145.81,146.13,142.58,143.76,131.34,1495500
2023-03-09,144.19,144.77,141.12,142.06,129.79,2671500
2023-03-10,140.98,142.66,140.45,140.65,128.5,2623100
2023-03-13,138.4,141.4,138.04,139.53,127.48,3646200
2023-03-14,141.03,141.96,138.87,141.84,129.59,3309700
2023-03-15,137.3,141.13,133.68,135.06,123.4,4091000
2023-03-16,138.67,143.57,137.4,142.87,130.53,4786000
2023-03-17,142.16,142.51,135.86,136.32,124.55,6382900
2023-03-20,136.61,139.85,136.23,139.07,127.06,2293300
2023-03-21,141.4,141.63,139.61,140.23,128.12,2451100
2023-03-22,140.11,140.72,136.63,136.69,124.88,2215900
2023-03-23,136.61,137.98,136.09,137.83,125.93,2445400
2023-03-24,136.69,140.52,135.77,140.43,128.3,3227300
2023-03-27,141.31,142.4,139.88,141.12,128.93,3181800
2023-03-28,141.14,143.09,141.08,142.85,130.51,2021200
2023-03-29,143.51,144.73,143.1,144.48,132.0,2041400
2023-03-30,144.57,145.0,142.42,143.79,131.37,2122900
2023-03-31,144.18,144.84,142.39,143.06,130.7,2344500
2023-04-03,142.74,145.48,142.74,145.1,132.57,1968800
2023-04-04,144.68,145.46,142.47,144.28,131.82,1578800
2023-04-05,143.64,146.99,143.64,146.43,133.88,2225600
2023-04-06,146.47,147.85,146.42,147.29,134.66,1902900
2023-04-10,147.44,149.08,147.35,149.0,136.23,2108600
2023-04-11,148.15,149.87,147.07,148.62,135.88,2769200
2023-04-12,148.22,149.84,147.75,148.15,135.45,2965100
2023-04-13,140.89,141.65,135.95,138.21,126.36,7196100
2023-04-14,138.0,138.99,135.08,135.85,124.2,4298900
2023-04-17,136.94,138.5,136.0,138.41,126.54,2988700
2023-04-18,137.96,138.9,137.29,138.6,126.72,2143100
2023-04-19,139.26,140.81,138.72,138.91,127.0,2044100
2023-04-20,138.95,139.91,137.42,138.39,126.53,2235000
2023-04-21,137.79,138.39,135.99,137.02,125.27,2358500
2023-04-24,137.29,137.51,135.06,135.4,123.79,2139700
2023-04-25,135.0,136.26,134.17,134.87,123.31,1982900
2023-04-26,133.92,134.86,133.21,133.84,122.37,1648800
2023-04-27,132.4,135.22,132.33,134.71,123.16,1918100
2023-04-28,134.31,136.49,133.95,136.4,124.71,2188000
2023-05-01,136.28,137.34,135.45,135.89,124.24,1774100
2023-05-02,135.0,135.59,125.4,128.31,117.31,6751900
2023-05-03,126.91,127.38,120.73,125.05,114.33,8019200
2023-05-04,124.17,126.72,122.72,126.1,115.29,4909900
2023-05-05,126.93,130.15,126.63,129.52,118.42,3124100
2023-05-08,130.1,135.01,129.32,134.09,122.59,4254400
2023-05-09,133.97,137.29,133.78,135.7,124.07,3595100
2023-05-10,135.05,135.81,132.94,134.38,122.86,2644600
2023-05-11,133.36,134.35,131.43,133.94,122.46,2037800
2023-05-12,135.02,135.52,133.14,133.43,121.99,2155900
2023-05-15,133.79,134.01,130.97,132.0,120.68,2204900
2023-05-16,131.81,132.22,129.37,129.76,118.64,2927900
2023-05-17,131.79,137.9,131.73,136.6,124.89,4312200
2023-05-18,137.0,137.34,134.49,136.11,124.44,3451200
2023-05-19,136.5,136.91,134.7,135.06,123.48,4874500
2023-05-22,135.7,136.76,134.83,135.63,124.0,2857100
2023-05-23,135.01,135.35,133.21,133.35,121.92,2989000
2023-05-24,132.85,133.24,130.94,131.5,120.23,1928800
2023-05-25,131.05,131.61,128.81,128.93,117.88,2584300
2023-05-26,129.03,131.78,128.26,128.49,117.47,3149700
2023-05-30,128.43,128.47,126.47,128.07,117.09,4230100
2023-05-31,127.55,128.91,127.39,127.91,116.94,6673400
2023-06-01,128.27,128.49,126.16,128.33,117.33,2978900
2023-06-02,128.58,129.85,128.27,129.5,118.4,1726300
2023-06-05,129.65,130.51,128.99,129.03,117.97,1576200
2023-06-06,129.3,129.86,128.46,129.8,118.67,1514900
2023-06-07,129.85,131.18,128.5,130.84,119.62,1982100
2023-06-08,130.84,131.85,129.59,131.08,119.84,1534200
2023-06-09,130.85,132.24,130.81,130.9,119.68,1673100
2023-06-12,130.86,131.31,129.97,130.69,119.49,1833200
2023-06-13,130.47,132.61,130.41,131.68,120.39,1529500
2023-06-14,128.99,129.28,126.28,126.93,116.05,4474900
2023-06-15,127.67,128.61,126.99,128.36,117.36,2681600
2023-06-16,129.06,130.84,128.53,129.99,118.85,3355900
2023-06-20,129.13,129.85,128.54,129.48,118.38,2151800
2023-06-21,129.34,130.71,128.18,130.6,119.4,2034300
2023-06-22,131.34,131.86,130.66,131.76,120.46,1598000
2023-06-23,131.85,133.5,131.32,132.77,121.39,3616700
2023-06-26,132.34,132.71,131.64,131.95,120.64,1641300
2023-06-27,132.55,133.66,131.96,132.65,121.28,1268500
2023-06-28,132.07,132.29,130.61,131.69,120.4,1544400
2023-06-29,131.81,132.67,131.66,132.07,120.75,1959900
2023-06-30,132.45,132.96,131.4,132.37,121.02,2421100
2023-07-03,132.05,133.13,131.08,132.59,121.22,1131800
2023-07-05,131.14,132.26,130.56,131.43,120.16,1864400
2023-07-06,130.68,131.85,130.48,131.67,120.47,1834600
2023-07-07,131.1,131.54,129.57,131.26,120.1,1682700
2023-07-10,131.35,131.98,130.02,131.08,119.93,1737000
2023-07-11,131.38,132.75,131.36,132.17,120.93,1973900
2023-07-12,132.9,134.06,131.49,132.11,120.88,2624000
2023-07-13,122.5,124.99,114.56,114.78,105.02,15043100
2023-07-14,114.2,117.38,111.41,116.79,106.86,10076700
2023-07-17,117.99,122.66,117.8,121.95,111.58,6039000
2023-07-18,121.22,122.25,119.63,119.81,109.62,4844400
2023-07-19,119.48,120.26,117.64,118.22,108.17,2946800
2023-07-20,119.08,124.06,118.75,123.96,113.42,3542100
2023-07-21,124.18,124.79,122.1,124.39,113.81,3288600
2023-07-24,124.31,126.3,124.31,125.24,114.59,2699600
2023-07-25,123.39,123.69,121.87,123.55,113.04,3679500
2023-07-26,124.45,127.14,123.82,126.23,115.5,2811000
2023-07-27,126.51,126.64,124.51,125.31,114.65,2301200
2023-07-28,126.41,126.41,124.23,125.03,114.4,1876100
2023-07-31,124.83,126.91,124.83,125.98,115.27,2898200
2023-08-01,126.42,127.94,125.11,127.42,116.58,2729300
2023-08-02,127.54,130.0,124.46,125.36,114.7,3446000
2023-08-03,125.55,129.96,124.72,128.85,117.89,3886200
2023-08-04,128.67,128.67,126.34,126.54,115.78,2187400
2023-08-07,127.45,128.33,126.0,127.66,116.8,1473000
2023-08-08,127.24,127.41,126.01,126.5,115.74,1778600
2023-08-09,126.44,127.74,126.29,126.5,115.74,1617600
2023-08-10,126.79,128.08,125.76,126.14,115.41,1871100
2023-08-11,126.34,128.23,126.34,127.84,116.97,1188700
2023-08-14,127.82,128.34,125.55,125.92,115.21,2230700
2023-08-15,125.42,126.48,124.06,125.05,114.42,2866600
2023-08-16,133.02,137.23,131.5,136.14,124.56,6249900
2023-08-17,136.52,137.28,134.91,135.21,123.71,2207200
2023-08-18,134.4,135.42,133.75,133.93,122.54,2549200
2023-08-21,134.06,134.76,132.12,132.18,120.94,2016700
2023-08-22,132.23,132.54,129.72,130.53,119.43,2181800
2023-08-23,130.38,130.6,129.31,130.39,119.3,2855400
2023-08-24,130.29,132.97,130.29,131.9,120.68,1519100
2023-08-25,131.87,133.74,131.59,132.58,121.31,1447300
2023-08-28,132.6,132.89,130.73,131.58,120.39,1037000
2023-08-29,131.85,132.36,130.27,132.25,121.0,1485400
2023-08-30,132.46,134.36,131.87,134.03,122.63,1408300
2023-08-31,134.4,134.46,133.19,133.47,122.12,2879600
2023-09-01,134.37,135.89,133.42,135.48,123.96,1357800
2023-09-05,135.7,135.84,133.16,133.52,122.17,2286000
2023-09-06,133.73,135.17,133.51,134.84,123.37,1641500
2023-09-07,135.7,138.37,135.27,137.41,125.73,2188300
2023-09-08,137.36,137.9,135.69,135.76,124.22,1619400
2023-09-11,136.08,138.48,136.08,137.26,125.59,1549800
2023-09-12,137.62,140.21,137.62,138.65,126.86,2389000
2023-09-13,139.26,139.92,138.84,139.17,127.34,2302800
2023-09-14,140.0,140.19,138.28,139.57,127.7,2429300
2023-09-15,134.7,139.72,134.34,138.74,126.94,4508000
2023-09-18,138.92,140.99,138.4,140.56,128.61,1713000
2023-09-19,141.37,142.65,140.43,142.47,130.35,1877300
2023-09-20,142.77,143.97,142.51,142.69,130.56,1637100
2023-09-21,143.24,144.31,141.95,142.4,130.29,3993900
2023-09-22,142.52,143.68,142.14,143.26,131.08,1679700
2023-09-25,142.84,143.04,140.79,142.42,130.31,1889600
2023-09-26,142.5,142.94,140.67,140.75,128.78,1848600
2023-09-27,140.35,140.72,139.03,140.62,128.66,1979200
2023-09-28,141.13,141.85,140.1,140.41,128.47,1641500
2023-09-29,140.09,140.5,138.84,139.3,127.45,2434900
2023-10-02,138.89,139.54,137.59,138.97,127.15,1795700
2023-10-03,140.0,142.35,138.5,139.4,127.55,2105700
2023-10-04,139.41,142.33,138.69,142.16,130.16,2161100
2023-10-05,142.3,143.7,141.73,142.5,130.48,1936100
2023-10-06,142.8,143.83,142.01,142.86,130.81,2207200
2023-10-09,142.53,143.38,141.93,143.26,131.17,1369200
2023-10-10,143.5,144.27,141.84,142.25,130.25,2391400
2023-10-11,142.09,144.2,142.07,143.86,131.72,3099200
2023-10-12,144.37,144.59,142.87,143.3,131.21,2403700
2023-10-13,150.0,155.38,149.64,154.95,141.88,6481300
2023-10-16,156.04,158.17,154.82,157.05,143.8,4257800
2023-10-17,158.25,158.99,157.51,158.94,145.53,2720400
2023-10-18,160.0,161.0,158.49,159.18,145.75,2898100
2023-10-19,158.98,160.5,157.55,157.8,144.48,2587000
2023-10-20,158.4,158.63,154.59,154.84,141.77,3051900
2023-10-23,155.0,155.0,153.28,153.48,140.53,1844200
2023-10-24,154.04,156.41,153.48,156.24,143.06,1683200
2023-10-25,157.82,158.0,156.05,156.43,143.23,2219000
2023-10-26,156.68,157.42,153.38,153.86,140.88,2754000
2023-10-27,153.0,153.31,151.55,153.06,140.14,2147600
2023-10-30,153.63,155.37,153.22,155.19,142.1,2253000
2023-10-31,155.13,158.45,154.71,158.09,144.75,2353300
2023-11-01,159.0,160.62,157.91,159.61,146.14,2264400
2023-11-02,158.71,160.69,156.93,158.77,145.37,2996800
2023-11-03,159.11,159.11,155.61,156.21,143.03,4047000
2023-11-06,157.31,158.5,156.86,158.23,144.88,2067300
2023-11-07,159.0,159.0,157.2,158.61,145.23,1874700
2023-11-08,158.15,159.12,157.39,158.61,145.23,1757100
2023-11-09,159.21,161.28,159.03,160.35,146.82,2274600
2023-11-10,160.97,161.72,160.06,160.39,146.86,2988100
2023-11-13,161.19,161.98,159.54,161.92,148.26,2908100
2023-11-14,160.99,161.41,159.18,159.53,146.07,3080400
2023-11-15,159.28,159.53,156.23,157.67,144.37,3421700
2023-11-16,158.16,160.1,158.16,159.94,146.44,2781300
2023-11-17,159.84,160.83,157.51,157.57,144.27,2402500
2023-11-20,158.0,160.58,157.68,159.35,145.9,2019100
2023-11-21,160.12,162.85,160.07,161.81,148.16,1954600
2023-11-22,161.35,163.01,161.0,162.61,148.89,1518600
2023-11-24,163.14,164.1,163.14,163.72,149.91,680000
2023-11-27,163.87,164.48,163.0,164.41,150.54,1692900
2023-11-28,164.28,164.73,162.58,163.26,149.48,1656000
2023-11-29,162.78,163.76,162.01,163.0,149.25,1519900
2023-11-30,163.05,164.46,162.68,164.03,150.19,3561700
2023-12-01,164.16,164.85,162.24,162.46,148.75,2630000
2023-12-04,161.93,163.58,161.58,163.41,149.62,1569700
2023-12-05,163.41,164.35,162.56,163.53,149.73,1419200
2023-12-06,163.05,164.29,160.62,161.49,147.86,2146300
2023-12-07,162.35,162.96,161.67,161.71,148.07,2623000
2023-12-08,161.81,162.35,159.82,161.17,147.57,2614600
2023-12-11,162.87,164.37,162.28,163.42,149.63,2060600
2023-12-12,163.11,165.16,162.81,165.13,151.2,2204000
2023-12-13,165.31,165.57,160.27,160.55,147.0,2742700
2023-12-14,160.19,160.81,152.82,153.55,140.59,5633800
2023-12-15,151.68,156.33,149.14,153.41,140.47,6746500
2023-12-18,154.86,156.77,154.43,156.0,142.84,2346800
2023-12-19,155.36,157.84,154.75,157.68,144.38,2776000
2023-12-20,157.54,157.68,155.54,155.56,142.43,1716000
2023-12-21,154.93,156.56,154.38,156.48,143.28,1139200
2023-12-22,156.92,158.19,156.35,157.76,144.45,1006000
2023-12-26,157.77,157.9,156.73,157.38,144.1,1066700
2023-12-27,156.78,157.95,156.06,157.66,144.36,1217600
2023-12-28,158.0,159.18,157.61,158.34,144.98,1139700
2023-12-29,158.47,159.82,158.1,159.28,145.84,1637500
